sourcePage,category,section,application,cataloguePartNumber,referenceNo,mrp,validationStatus,imageStatus
"6","Water Pump Assemblies","HEAVY TRUCKS AND BUSES ( H.C.V. )","TATA 1312 / 1510 / 1612 O/M ( 697 ENG. )","M-505 / M-855","2525 2010 0116","4950","READY","CROPPED_FROM_PAGE_RENDER"
"6","Water Pump Assemblies","HEAVY TRUCKS AND BUSES ( H.C.V. )","TATA 1312 / 1510 / 1612 O/M ( 697 ENG. ) WITHOUT BASE PLATE","M-505 H / M-855 H","2525 2010 0116","4223","READY","CROPPED_FROM_PAGE_RENDER"
"6","Water Pump Assemblies","HEAVY TRUCKS AND BUSES ( H.C.V. )","TATA 1312 / 1510 / 1612 O/M ( 697 ENG. ) WITH SMALL BASE PLATE","M-536 / M-856","2525 2010 0121","4689","READY","CROPPED_FROM_PAGE_RENDER"
"6","Water Pump Assemblies","HEAVY TRUCKS AND BUSES ( H.C.V. )","TATA 909 / 1313 FLANGE TYPE WITH BIG BASE PLATE","M-540","2525 2010 0103 / 0105","5384","READY","CROPPED_FROM_PAGE_RENDER"
"6","Water Pump Assemblies","HEAVY TRUCKS AND BUSES ( H.C.V. )","TATA 1613 / 1614 / 1109 / 2515 EURO-II ENGINE","M-514 / M-854","2525 2010 0124","4989","READY","CROPPED_FROM_PAGE_RENDER"
"6","Water Pump Assemblies","HEAVY TRUCKS AND BUSES ( H.C.V. )","TATA 1613 / 1614 / 1109 / 2515 EURO-II ENGINE WITHOUT BASE PLATE","M-514 H / M-854 H","2525 2010 0124","4409","READY","CROPPED_FROM_PAGE_RENDER"
"6","Water Pump Assemblies","HEAVY TRUCKS AND BUSES ( H.C.V. )","TATA 1613 / 1614 / 1109 / 2515 EURO-II ENGINE WITH SMALL BASE PLATE","M-548 / M-848","2525 2010 0125","4809","READY","CROPPED_FROM_PAGE_RENDER"
"6","Water Pump Assemblies","HEAVY TRUCKS AND BUSES ( H.C.V. )","TATA EURO-II HEAVY DUTY PUMP ( LATEST DESIGN - BETTER PERFORMANCE )","M-514 A / M-854 A","2525 2010 0145","5046","READY","CROPPED_FROM_PAGE_RENDER"
"7","Water Pump Assemblies","HEAVY TRUCKS AND BUSES ( H.C.V. )","TATA 1210","M-501 / M-851","2523 2010 0103 / 113 / 114","4035","READY","CROPPED_FROM_PAGE_RENDER"
"7","Water Pump Assemblies","HEAVY TRUCKS AND BUSES ( H.C.V. )","TATA 609 / 709 LPT","M-504","2527 2010 0104","5550","READY","CROPPED_FROM_PAGE_RENDER"
"7","Water Pump Assemblies","HEAVY TRUCKS AND BUSES ( H.C.V. )","TATA 609 / 709 LPT WITHOUT BASE PLATE","M-504 H","2527 2010 0104","4332","READY","CROPPED_FROM_PAGE_RENDER"
"7","Water Pump Assemblies","HEAVY TRUCKS AND BUSES ( H.C.V. )","TATA 1613 / 1614 / 1109 / 2515 TURBO EURO-III ENGINE / TATA 697 BS III","M-517 / M-857","2525 2010 0126","5392","READY","CROPPED_FROM_PAGE_RENDER"
"7","Water Pump Assemblies","HEAVY TRUCKS AND BUSES ( H.C.V. )","TATA 1613 / 1614 / 1109 / 2515 TURBO EURO-III ENGINE WITHOUT BASE PLATE","M-517 H / M-857 H","2525 2010 0126","4735","READY","CROPPED_FROM_PAGE_RENDER"
"7","Water Pump Assemblies","HEAVY TRUCKS AND BUSES ( H.C.V. )","TATA 1613 / 1614 / 1109 / 2515 TURBO EURO-III ENGINE WITH SMALL BASE PLATE","M-549 / M-849","2525 20 100126 / 125","5105","READY","CROPPED_FROM_PAGE_RENDER"
"7","Water Pump Assemblies","HEAVY TRUCKS AND BUSES ( H.C.V. )","TATA EURO-III HEAVY DUTY PUMP ( LATEST DESIGN - BETTER PERFORMANCE )","M-517 A / M-857 A","2525 2010 0141","5369","READY","CROPPED_FROM_PAGE_RENDER"
"7","Water Pump Assemblies","HEAVY TRUCKS AND BUSES ( H.C.V. )","TATA 497 / 697 / 909 / 1109 EURO-IV FLANGE TYPE WITH ALUM. PIPE","M-520 / M-870","2525 2010 0150 / 2525 2010 0166","5677","READY","CROPPED_FROM_PAGE_RENDER"
"7","Water Pump Assemblies","HEAVY TRUCKS AND BUSES ( H.C.V. )","TATA 709 / 909 / 1109 EURO 4 ( HEAVY DUTY PUMP )","M-520 A","","7553","READY","CROPPED_FROM_PAGE_RENDER"
"7","Water Pump Assemblies","HEAVY TRUCKS AND BUSES ( H.C.V. )","TATA LPT 2516 / BS-II TC TURBO / 1512 CUMMINS ( SHEET METAL IMP. )","M-535 / M-845","392 8396 / 2786 2099 9959","2329","READY","CROPPED_FROM_PAGE_RENDER"
"7","Water Pump Assemblies","HEAVY TRUCKS AND BUSES ( H.C.V. )","TATA 4923 / BS-III TC N/M / CUMMINS ENG. ( IND. PLASTIC IMPELLER )","M-534 / M-845 A","392 8396 / 2786 2099 9972 / 278620990153","2329","READY","CROPPED_FROM_PAGE_RENDER"
"7","Water Pump Assemblies","HEAVY TRUCKS AND BUSES ( H.C.V. )","TATA 2528 PRIMA / CUMMINS BS 4 ( TC LATEST MODEL )","M-845 B","278620990116 / 5444109","2329","READY","CROPPED_FROM_PAGE_RENDER"
"8","Water Pump Assemblies","HEAVY TRUCKS AND BUSES ( H.C.V. )","MAN TRUCK","M-521","5106500606-6612, 9600-9612","5463","READY","CROPPED_FROM_PAGE_RENDER"
"8","Water Pump Assemblies","HEAVY TRUCKS AND BUSES ( H.C.V. )","BHARATBENZ TIPPER TRUCK ( BIG C.I. HOUSING WITH HANDLE )","M-526","A964 200 4701 / 5101","6669","READY","CROPPED_FROM_PAGE_RENDER"
"8","Water Pump Assemblies","HEAVY TRUCKS AND BUSES ( H.C.V. )","BHARATBENZ ( ALUM. HOUSING )","M-526 A","","5758","READY","CROPPED_FROM_PAGE_RENDER"
"8","Water Pump Assemblies","HEAVY TRUCKS AND BUSES ( H.C.V. )","BRITISH L/L 402 ( DAF ) ( TWIN PORT OUTLET )","M-512","10996727 / HAJ8382","4288","READY","CROPPED_FROM_PAGE_RENDER"
"8","Water Pump Assemblies","HEAVY TRUCKS AND BUSES ( H.C.V. )","L/L HINO 6 D ( 8 MM THREAD ON HUB )","M-508","B7016001 / P8100639 / B7016008","1916","READY","CROPPED_FROM_PAGE_RENDER"
"8","Water Pump Assemblies","HEAVY TRUCKS AND BUSES ( H.C.V. )","L/L HINO 6 D ( 6 MM THREAD ON HUB )","M-508 A","B7016001 / P8100639 / B7016008 / B7016005","1916","READY","CROPPED_FROM_PAGE_RENDER"
"8","Water Pump Assemblies","HEAVY TRUCKS AND BUSES ( H.C.V. )","L/L HINO 4 D","M-509","B7019601 / P8100539","1894","READY","CROPPED_FROM_PAGE_RENDER"
"8","Water Pump Assemblies","HEAVY TRUCKS AND BUSES ( H.C.V. )","L/L HINO 6 E MODEL ( 416 ENGINE )","M-531","B7016007","1933","READY","CROPPED_FROM_PAGE_RENDER"
"8","Water Pump Assemblies","HEAVY TRUCKS AND BUSES ( H.C.V. )","L/L HINO EURO-II ( IMP O.D. 85 MM )","M-532","B8760406 / B7016011","2949","READY","CROPPED_FROM_PAGE_RENDER"
"8","Water Pump Assemblies","HEAVY TRUCKS AND BUSES ( H.C.V. )","L/L HINO EURO-II ( IMP O.D. 75 MM )","M-532 A","B8760406 / B7016011","2884","READY","CROPPED_FROM_PAGE_RENDER"
"8","Water Pump Assemblies","HEAVY TRUCKS AND BUSES ( H.C.V. )","L/L HINO 2519 BS4 ENG. SMALLER HOUSING","M-532 B","3113N / 3187N","2795","READY","CROPPED_FROM_PAGE_RENDER"
"8","Water Pump Assemblies","HEAVY TRUCKS AND BUSES ( H.C.V. )","L/L HINO EURO-III ( IMP O.D. 85 MM )","M-533","B8760401","2964","READY","CROPPED_FROM_PAGE_RENDER"
"9","Water Pump Assemblies","HEAVY TRUCKS AND BUSES ( H.C.V. )","L/L HINO EURO-IV TURBO NEW MODEL ( IMP O.D. 105 MM )","M-538 A","","3852","READY","CROPPED_FROM_PAGE_RENDER"
"9","Water Pump Assemblies","HEAVY TRUCKS AND BUSES ( H.C.V. )","L/L HINO EURO-III TURBO MODEL ( IMP O.D. 100 MM )","M-538","B8763401","3792","READY","CROPPED_FROM_PAGE_RENDER"
"9","Water Pump Assemblies","HEAVY TRUCKS AND BUSES ( H.C.V. )","L/L EVACO CARGO ( SPLIT TYPE CNG )","M-524","108670001 / 002 / 98465322 / 325 / 98497117 / 118","3371","READY","CROPPED_FROM_PAGE_RENDER"
"9","Water Pump Assemblies","HEAVY TRUCKS AND BUSES ( H.C.V. )","L/L EVACO CARGO BIG 8040 ENG.","M-608","108670001 / 002 / 98465322 / 325 / 98497117 / 118","10157","READY","CROPPED_FROM_PAGE_RENDER"
"9","Water Pump Assemblies","COMBINE HARVESTERS","L/L 370 COMBINE HARVESTER ENG.","M-821","B2000801 / NPN1 / 604006 / 600718 / B2000805","4071","READY","CROPPED_FROM_PAGE_RENDER"
"9","Water Pump Assemblies","COMBINE HARVESTERS","L/L 370 COMBINE HARVESTER ENG. ( WITH NYLON GLASS FILLED PLASTIC IMP. )","M-821 MD","B2000801 / NPN1 / 604006 / 600718 / B2000805","3344","READY","CROPPED_FROM_PAGE_RENDER"
"9","Water Pump Assemblies","COMBINE HARVESTERS","L/L 400 / 401 COMBINE HARVESTER ENG. DOUBLE PORT OUTLET","M-822","F7475800 / B2000808 / 600778 / K1108414 / A7046800","4239","READY","CROPPED_FROM_PAGE_RENDER"
"9","Water Pump Assemblies","COMBINE HARVESTERS","L/L 400 / 401 COMBINE HARVESTER ENG. ( WITH NYLON GLASS FILLED PLASTIC IMP. )","M-822 MD","F7475800 / B2000808 / 600778 / K1108414 / A7046800","3755","READY","CROPPED_FROM_PAGE_RENDER"
"9","Water Pump Assemblies","COMBINE HARVESTERS","L/L 400 / 401 COMBINE HARVESTER ENG. DOUBLE PORT OUTLET ( WITH BIG BASE PLATE )","M-822 CA","F7475800 / B2000808 / 600778 / K1108414 / A7046800","7911","READY","CROPPED_FROM_PAGE_RENDER"
"9","Water Pump Assemblies","COMBINE HARVESTERS","L/L 3516 / 2516 COMBINE HARVESTER ENG. SINGLE PORT OUTLET","M-511 / M-826","A7040100 / B7007101 / B2027902","4295","READY","CROPPED_FROM_PAGE_RENDER"
"9","Water Pump Assemblies","COMBINE HARVESTERS","L/L 3516 / 2516 COMBINE HARVESTER ENG. ( WITH NYLON GLASS FILLED PLASTIC IMP )","M-826 MD","A7040100 / B7007101 / B2027902","3434","READY","CROPPED_FROM_PAGE_RENDER"
"9","Water Pump Assemblies","COMBINE HARVESTERS","L/L 3416 COMBINE HARVESTER ENG. TWIN PORT OUTLET","M-824","B7007101 / 03 / B20267902","4289","READY","CROPPED_FROM_PAGE_RENDER"
"10","Water Pump Assemblies","COMBINE HARVESTERS","L/L 3416 COMBINE HARVESTER ENG. ( WITH NYLON GLASS FILLED PLASTIC IMP. )","M-824 MD","B7007101 / 03 / B20267902","3735","READY","REVIEW_NO_SAFE_PHOTO"
"10","Water Pump Assemblies","COMBINE HARVESTERS","L/L 3416 COMBINE HARVESTER ENG. ( WITH BIG BASE PLATE )","M-824 CA","B7007101 / 03 / B20267902","7911","READY","REVIEW_NO_SAFE_PHOTO"
"10","Water Pump Assemblies","COMBINE HARVESTERS","L/L 3416 COMBINE HARVESTER ( WITH PLUG ON HOUSING, IND. PLASTIC IMP & 4 HOLE HUB )","M-824 A","B0719201","3855","READY","REVIEW_NO_SAFE_PHOTO"
"10","Water Pump Assemblies","COMBINE HARVESTERS","L/L 3416 / 402 COMBINE HARVESTER ENG. ( WITH SIDE OUTLET PIPE )","M-867","B7007101 / B2027902","3700","READY","REVIEW_NO_SAFE_PHOTO"
"10","Water Pump Assemblies","COMBINE HARVESTERS","L/L 3416 COMBINE HARVESTER LATEST ENG. ( WITH SIDE OUTLET PIPE, WITH BIG BASE PLATE )","M-867 CA","B7007101 / B2027902","7588","READY","REVIEW_NO_SAFE_PHOTO"
"10","Water Pump Assemblies","D.G. GENSETS","L/L 680 ENG. WITH PULLEY WITHOUT BASE PLATE","M-507 H / M-836 H","F39100100 / 569056","7552","READY","REVIEW_NO_SAFE_PHOTO"
"10","Water Pump Assemblies","D.G. GENSETS","L/L 680 ENG. WITH PULLEY WITHOUT BASE PLATE ( WITH NYLON GLASS FILLED PLASTIC IMPELLER )","M-507 H MD / M-836 H MD","F39100100 / 569056","6447","READY","REVIEW_NO_SAFE_PHOTO"
"10","Water Pump Assemblies","D.G. GENSETS","L/L 680 ENG. WITHOUT BASE PLATE, HUB & PULLEY","M-507 HA / M-836 HA","F39100100 / 569056","5456","READY","REVIEW_NO_SAFE_PHOTO"
"10","Water Pump Assemblies","D.G. GENSETS","L/L 680 ENG. WITHOUT BASE PLATE HUB & PULLEY ( WITH NYLON GLASS FILLED PLASTIC IMPELLER )","M-507 HA MD / M-836 HA MD","F39100100 / 569056","4303","READY","REVIEW_NO_SAFE_PHOTO"
"10","Water Pump Assemblies","D.G. GENSETS","L/L 680 ENG. COMPLETE ASSLY WITH BASE PLATE, HUB AND PULLEY","M-507 CA / M-836 CA","F39100100 / 569056","10247","READY","REVIEW_NO_SAFE_PHOTO"
"10","Water Pump Assemblies","D.G. GENSETS","L/L 680 ENG. COMPLETE ASSLY WITH BASE PLATE, HUB AND PULLEY ( WITH NYLON GLASS FILLED PLASTIC IMPELLER )","M-507 CA MD / M-836 CA MD","F39100100 / 569056","8889","READY","REVIEW_NO_SAFE_PHOTO"
"11","Water Pump Assemblies","D.G. GENSETS","L/L 690 ENG. WITH PULLEY WITHOUT BASE PLATE","M-523 H / M-838 H","A7070400 / A7074600 / B7074604","7588","READY","CROPPED_FROM_PAGE_RENDER"
"11","Water Pump Assemblies","D.G. GENSETS","L/L 690 ENG. WITH PULLEY WITHOUT BASE PLATE ( WITH NYLON GLASS FILLED PLASTIC IMPELLER )","M-523 H MD / M-838 H MD","A7070400 / A7074600 / B7074604","6752","READY","CROPPED_FROM_PAGE_RENDER"
"11","Water Pump Assemblies","D.G. GENSETS","L/L 690 ENG. WITHOUT BASE PLATE HUB & PULLEY","M-523 HA / M-838 HA","A7070400 / A7074600 / B7074604","5511","READY","CROPPED_FROM_PAGE_RENDER"
"11","Water Pump Assemblies","D.G. GENSETS","L/L 690 ENG. WITHOUT BASE PLATE HUB & PULLEY ( WITH NYLON GLASS FILLED PLASTIC IMPELLER )","M-523 HA MD / M-838 HA MD","A7070400 / A7074600 / B7074604","4662","READY","CROPPED_FROM_PAGE_RENDER"
"11","Water Pump Assemblies","D.G. GENSETS","L/L 690 COMPLETE ASSLY. WITH BASE PLATE HUB AND PULLEY","M-523 CA / M-838 CA","A7070400 / A7074600 / B7074604","9702","READY","CROPPED_FROM_PAGE_RENDER"
"11","Water Pump Assemblies","D.G. GENSETS","L/L 690 COMPLETE ASSLY. WITH BASE PLATE HUB AND PULLEY ( WITH NYLON GLASS FILLED PLASTIC IMPELLER )","M-523 CA MD / M-838 CA MD","A7070400 / A7074600 / B7074604","8929","READY","CROPPED_FROM_PAGE_RENDER"
"11","Water Pump Assemblies","D.G. GENSETS","KIRLOSKAR DM-20 GENERATOR","M-617 H","S4009930 / L99DE00866 / S40099237","2222","READY","CROPPED_FROM_PAGE_RENDER"
"11","Water Pump Assemblies","D.G. GENSETS","KIRLOSKAR DM-20 GEN. WITH STAND","M-617 CA","1005 KTB80","3776","READY","CROPPED_FROM_PAGE_RENDER"
"11","Water Pump Assemblies","D.G. GENSETS","SL-90 GENERATOR","M-648","1005 KTB80","2855","READY","CROPPED_FROM_PAGE_RENDER"
"11","Water Pump Assemblies","D.G. GENSETS","JCB / CUMMINS GENSET WITH BIG BASE PLATE ( TATA 1210 DESIGN )","M-529","2527 2012 0211","5126","READY","CROPPED_FROM_PAGE_RENDER"
"11","Water Pump Assemblies","D.G. GENSETS","TATA HITACHI Ex60, Ex70 JCB CUMMINS ENG. WITHOUT BASE PLATE","M-529 H","2523 2010 0103 / 113 / 114","3779","READY","CROPPED_FROM_PAGE_RENDER"
"11","Water Pump Assemblies","D.G. GENSETS","CUMMINS ENGINE 125 / 160 / 200 / 250 KW W. P. WITH DOUBLE GROOVE PULLEY","M-544","3166497","6106","READY","CROPPED_FROM_PAGE_RENDER"
"20","Water Pump Assemblies","CARS DIVISION","TATA INDIGO eCS / TATA DICOR","M-647 B","","1492","DUPLICATE","SKIPPED_EXISTING_PRODUCT"
"20","Water Pump Assemblies","CARS DIVISION","HYUNDAI SANTRO XING ( FLOWER TYPE HUB )","M-646","","942","DUPLICATE","SKIPPED_EXISTING_PRODUCT"
"20","Water Pump Assemblies","CARS DIVISION","HYUNDAI i10","M-646 B","","1248","DUPLICATE","SKIPPED_EXISTING_PRODUCT"
"20","Water Pump Assemblies","CARS DIVISION","HYUNDAI i20 / VERNA FLUIDIC DIESEL ENG.","M-646 C","20100-2A020","2155","DUPLICATE","SKIPPED_EXISTING_PRODUCT"
"20","Water Pump Assemblies","CARS DIVISION","AMBASSADOR HM PLUS ENG. ( HIGH DISCHARGE PUMP )","M-645","4061200040 / 4061200001","1587","DUPLICATE","SKIPPED_EXISTING_PRODUCT"
"20","Water Pump Assemblies","CARS DIVISION","AMBASSADOR PETROL","M-623","162309 / 3008419","1655","DUPLICATE","SKIPPED_EXISTING_PRODUCT"
"20","Water Pump Assemblies","CARS DIVISION","FIAT DIESEL ENG. ( PREMIER 137D DIESEL ENG. )","M-622","PA7808 4050","1605","DUPLICATE","SKIPPED_EXISTING_PRODUCT"
"20","Water Pump Assemblies","CARS DIVISION","TOYOTA INNOVA","M-636","","2952","DUPLICATE","SKIPPED_EXISTING_PRODUCT"
"20","Water Pump Assemblies","CARS DIVISION","TOYOTA QUALIS","M-652","","1523","DUPLICATE","SKIPPED_EXISTING_PRODUCT"
"20","Water Pump Assemblies","CARS DIVISION","TOYOTA ETIOS / LIVA / ALTIS DIESEL","M-652 A","","2372","DUPLICATE","SKIPPED_EXISTING_PRODUCT"
"20","Water Pump Assemblies","CARS DIVISION","CHEVROLET TAVERA","M-639","","1642","DUPLICATE","SKIPPED_EXISTING_PRODUCT"
"20","Water Pump Assemblies","CARS DIVISION","CHEVROLET ENJOY","M-639 A","","1931","DUPLICATE","SKIPPED_EXISTING_PRODUCT"
"21","Water Pump Assemblies","CARS DIVISION","ISUZU PETROL ENG.","M-627","306 1200 2410","1459","READY","CROPPED_FROM_PAGE_RENDER"
"21","Water Pump Assemblies","CARS DIVISION","ISUZU DIESEL ENG.","M-628","306 1200 1011","2793","READY","CROPPED_FROM_PAGE_RENDER"
"21","Water Pump Assemblies","CARS DIVISION","NISSAN CD-17","M-625","210 10 58001","1724","READY","CROPPED_FROM_PAGE_RENDER"
"21","Water Pump Assemblies","CARS DIVISION","NISSAN CD-20","M-643","","1377","READY","CROPPED_FROM_PAGE_RENDER"
"21","Water Pump Assemblies","CARS DIVISION","MAHINDRA XYLO ALUM. TYPE ( 6 PK BELT PULLEY )","M-641","0304EB01501N","2896","READY","CROPPED_FROM_PAGE_RENDER"
"21","Water Pump Assemblies","CARS DIVISION","MAHINDRA HAWK / EAGLE ( S.U.V ) ( 4 PK BELT PULLEY )","M-672","0304EM0050N","2601","READY","CROPPED_FROM_PAGE_RENDER"
"21","Water Pump Assemblies","CARS DIVISION","MAHINDRA XUV 500","M-672 A","0304EAM00240N","2548","READY","CROPPED_FROM_PAGE_RENDER"
"21","Water Pump Assemblies","CARS DIVISION","MAHINDRA TUV 300","M-672 B","0311DAM00581N","2468","READY","CROPPED_FROM_PAGE_RENDER"
"21","Water Pump Assemblies","CARS DIVISION","MAHINDRA VERITO / RENAULT DUSTER","M-672 C","0304EAM00240N","1815","READY","CROPPED_FROM_PAGE_RENDER"
"21","Water Pump Assemblies","CARS DIVISION","FORD FIESTA DIESEL","M-675","","1747","READY","CROPPED_FROM_PAGE_RENDER"
"21","Water Pump Assemblies","CARS DIVISION","FORD FIESTA TITANIUM / FIGO TITANIUM / ECO SPORT ( 19 TEETH )","M-675 A","","1747","READY","CROPPED_FROM_PAGE_RENDER"
"21","Water Pump Assemblies","CARS DIVISION","HONDA AMAZE DIESEL","M-676","","2023","READY","CROPPED_FROM_PAGE_RENDER"
"22","Water Pump Assemblies","CARS DIVISION","VOLKSWAGEN POLO / VENTO / SKODA DIESEL ENG.","M-674","","1927","READY","REVIEW_NO_SAFE_PHOTO"
"22","Water Pump Assemblies","TRACTORS DIVISION","MASSEY FERGUSON 1035 ( P3 LOW POSITION ENGINE )","M-801","99DE0320 / 41312167","2043","READY","REVIEW_NO_SAFE_PHOTO"
"22","Water Pump Assemblies","TRACTORS DIVISION","MASSEY FERGUSON 1035 N/M","M-803","99DED166","2080","READY","REVIEW_NO_SAFE_PHOTO"
"22","Water Pump Assemblies","TRACTORS DIVISION","MASSEY FERGUSON IMT 533 ( MF P3 ENGINE - BIGGER PULLEY )","M-807","41312518 / 34.06.100","2043","READY","REVIEW_NO_SAFE_PHOTO"
"22","Water Pump Assemblies","TRACTORS DIVISION","MASSEY FERGUSON 1040 ( TAFE ) MF 65 MKI 1 / MF 165","M-806","41312038 / 2063 / 2511 / 2574","2394","READY","REVIEW_NO_SAFE_PHOTO"
"22","Water Pump Assemblies","TRACTORS DIVISION","MASSEY FERGUSON 135 WITH BOLTS FAN BOLT SIZE 5 / 16 UNF x 25","M-804","41312055 / 2154 / 2784 / 2494 / 2154 A","2581","READY","REVIEW_NO_SAFE_PHOTO"
"22","Water Pump Assemblies","TRACTORS DIVISION","MASSEY FERGUSON 241 / 245 WITH BOLTS FAN BOLT SIZE 8 x 1.25 x 25","M-805","99530478 / 41312159 / 12487 / 12495 / 99530746","2581","READY","REVIEW_NO_SAFE_PHOTO"
"22","Water Pump Assemblies","TRACTORS DIVISION","MASSEY FERGUSON 241 / 245 WITHOUT BOLT","M-805 A","99530478 / 41312159 / 12487 / 12495","2581","READY","REVIEW_NO_SAFE_PHOTO"
"22","Water Pump Assemblies","TRACTORS DIVISION","TAFE-25 / MASSEY FERGUSON 241 EICHER TRACTOR WITHOUT BOLT","M-825 / M-841","99580799 / 99830799","3144","READY","REVIEW_NO_SAFE_PHOTO"
"22","Water Pump Assemblies","TRACTORS DIVISION","MF BIG PULLEY ( S4 TYPE )","M-844 / M-613","99530980","2635","READY","REVIEW_NO_SAFE_PHOTO"
"22","Water Pump Assemblies","TRACTORS DIVISION","PERKINS MF-255/165 WITHOUT PULLEY","M-1001","4132266 / 41312915 / 41312143 / 41313201 / 41313237","2179","READY","REVIEW_NO_SAFE_PHOTO"
"23","Water Pump Assemblies","TRACTORS DIVISION","PERKINS MF-255/165 WITH PULLEY","M-1002","4132266 / 41312915 / 41312143 / 41313201 / 41313237","2975","READY","CROPPED_FROM_PAGE_RENDER"
"23","Water Pump Assemblies","TRACTORS DIVISION","MAHINDRA TRACTOR LATEST MODEL WITH 4 PK MULTI GROOVE PULLEY","M-859","0304EAB01000N","2844","READY","CROPPED_FROM_PAGE_RENDER"
"23","Water Pump Assemblies","TRACTORS DIVISION","MAHINDRA TRACTOR ENG. WITH BACK PIPE / M&M BOLERO","M-862","0304EG0380N","2844","READY","CROPPED_FROM_PAGE_RENDER"
"23","Water Pump Assemblies","TRACTORS DIVISION","MAHINDRA TURBO ENG. WITH BACK PIPE / M&M BOLERO ( WITH SMALLER PULLEY Ø 101 MM )","M-862 A","0304EG0380N","2956","READY","CROPPED_FROM_PAGE_RENDER"
"23","Water Pump Assemblies","TRACTORS DIVISION","MAHINDRA JIVO 225 DI","M-862 B","","3043","READY","CROPPED_FROM_PAGE_RENDER"
"23","Water Pump Assemblies","TRACTORS DIVISION","VAIBHAV MINI TRACTOR","M-661","2101058001 / 600-018-59","982","READY","CROPPED_FROM_PAGE_RENDER"
"23","Water Pump Assemblies","TRACTORS DIVISION","MAHINDRA CHAMPION BS-2 ENGINE TATA IRIS / VAIBHAV MINI TRACTOR WITH C.I. PULLEY","M-661 A / M-669 A","","1412","READY","CROPPED_FROM_PAGE_RENDER"
"23","Water Pump Assemblies","TRACTORS DIVISION","MAHINDRA CHAMPION BS2 ENG. TATA IRIS WITH BASE PLATE","M-661 B","","1461","READY","CROPPED_FROM_PAGE_RENDER"
"23","Water Pump Assemblies","TRACTORS DIVISION","MAHINDRA TRACTOR OLD MODEL A BELT ( WITH SINGLE BELT PULLEY A GROOVE FAN BELT TYPE )","M-808 A","84490","2717","READY","CROPPED_FROM_PAGE_RENDER"
"23","Water Pump Assemblies","TRACTORS DIVISION","MAHINDRA TRACTOR OLD MODEL B BELT ( WITH SINGLE BELT PULLEY B GROOVE FAN BELT TYPE )","M-808 B","51620","2717","READY","CROPPED_FROM_PAGE_RENDER"
"23","Water Pump Assemblies","TRACTORS DIVISION","MAHINDRA B-275 ( PREMIER 137D DIESEL ENG. )","M-809","005551027R91 / 7038208R94 / 5557368R91 / 5555118R91","3000","READY","CROPPED_FROM_PAGE_RENDER"
"23","Water Pump Assemblies","TRACTORS DIVISION","MAHINDRA B-275 DI MODEL WITH LONG MOUTH","M-810","55547168R91 / 5555095R91 / 006002264R92 / 05557168R93","3043","READY","CROPPED_FROM_PAGE_RENDER"
"24","Water Pump Assemblies","TRACTORS DIVISION","MAHINDRA SARPANCH ( NST )","M-814","006003265A92","3551","READY","CROPPED_FROM_PAGE_RENDER"
"24","Water Pump Assemblies","TRACTORS DIVISION","MAHINDRA ARJUN DI NEW MODEL WITH C.I PULLEY","M-837","006002847C91 / C3","3140","READY","CROPPED_FROM_PAGE_RENDER"
"24","Water Pump Assemblies","TRACTORS DIVISION","MAHINDRA ARJUN NOVO 605 DI-I TRACTOR WITH TWO TUBES","M-839","0060056118F4","3000","READY","CROPPED_FROM_PAGE_RENDER"
"24","Water Pump Assemblies","TRACTORS DIVISION","MAHINDRA 6565 ARJUN ULTRA HIGH DISCHARGE WITH SINGLE TUBE","M-839 A","006004367F94","3000","READY","CROPPED_FROM_PAGE_RENDER"
"24","Water Pump Assemblies","TRACTORS DIVISION","MAHINDRA DHRUV / YUVO","M-839 B","006014971V91","2926","READY","CROPPED_FROM_PAGE_RENDER"
"24","Water Pump Assemblies","TRACTORS DIVISION","MAHINDRA YUVRAJ 215 MINI TRACTOR","M-843","006011797B91","3020","READY","CROPPED_FROM_PAGE_RENDER"
"24","Water Pump Assemblies","TRACTORS DIVISION","YUVRAJ TRACTOR","M-846","006009094B91","2446","READY","CROPPED_FROM_PAGE_RENDER"
"24","Water Pump Assemblies","TRACTORS DIVISION","SONALIKA MINI TRACTOR / SWARAJ 717 / MAHINDRA 215","M-846 A","","2835","READY","CROPPED_FROM_PAGE_RENDER"
"24","Water Pump Assemblies","TRACTORS DIVISION","CAPTAIN MINI TRACTOR 8G 283 4WD","M-846 B","","2726","READY","CROPPED_FROM_PAGE_RENDER"
"24","Water Pump Assemblies","TRACTORS DIVISION","MAHINDRA SWARAZ 843 XM 42-45 HP TRACTOR","M-866","006002102B91","4519","READY","CROPPED_FROM_PAGE_RENDER"
"24","Water Pump Assemblies","TRACTORS DIVISION","MAHINDRA HINDUSTAN 60 TRACTOR","M-823","1030598","3818","READY","CROPPED_FROM_PAGE_RENDER"
"24","Water Pump Assemblies","TRACTORS DIVISION","MAHINDRA SHAKTIMAN TRACTOR","M-525","","3050","READY","CROPPED_FROM_PAGE_RENDER"
"25","Water Pump Assemblies","TRACTORS DIVISION","MITSUBISHI TRACTOR","M-833","","2092","READY","CROPPED_FROM_PAGE_RENDER"
"25","Water Pump Assemblies","TRACTORS DIVISION","ACE TRACTOR / HARVESTER","M-861","","1896","READY","CROPPED_FROM_PAGE_RENDER"
"25","Water Pump Assemblies","TRACTORS DIVISION","SWARAJ 724 FC / 735 FE / M 255 ( WITH THREE HOLE PULLEY )","M-811","P219490B","2454","READY","CROPPED_FROM_PAGE_RENDER"
"25","Water Pump Assemblies","TRACTORS DIVISION","SWARAJ 735 ( FOUR HOLE TYPE PULLEY )","M-817","P219490B","2454","READY","CROPPED_FROM_PAGE_RENDER"
"25","Water Pump Assemblies","TRACTORS DIVISION","SWARAJ 939 / PREET TRACTOR","M-819","P-070350","3829","READY","CROPPED_FROM_PAGE_RENDER"
"25","Water Pump Assemblies","TRACTORS DIVISION","SWARAJ 724 NEW MODEL FLANGE TYPE","M-852","313040A / 713040A / 7133575A","2537","READY","CROPPED_FROM_PAGE_RENDER"
"25","Water Pump Assemblies","TRACTORS DIVISION","SWARAJ 735 NEW MODEL FLANGE TYPE","M-853","P213040 A","2537","READY","CROPPED_FROM_PAGE_RENDER"
"25","Water Pump Assemblies","TRACTORS DIVISION","KIRLOSKAR ( RB-22 / 33 ENGINE ) ( 4 HOLE ) / SWARAZ 855 TRACTOR","M-818","719400 / 719490","2946","READY","CROPPED_FROM_PAGE_RENDER"
"25","Water Pump Assemblies","TRACTORS DIVISION","KIRLOSKAR ( RB-44 / 66 ENGINE ) ( 4 HOLE ) / SWARAZ 855 TRACTOR ( IMPELLER VANE HEIGHT BIGGER )","M-818 A","48.015.53.0","2946","READY","CROPPED_FROM_PAGE_RENDER"
"25","Water Pump Assemblies","TRACTORS DIVISION","SWARAJ 744 LONG VENT PIPE TYPE","M-840","","3001","READY","CROPPED_FROM_PAGE_RENDER"
"25","Water Pump Assemblies","TRACTORS DIVISION","SWARAJ 855 XM L / M FLANGE TYPE HEAVY DUTY ( FAN DIA 40 MM ) ( DIFF. P.C.D. )","M-865","P713040 A","3181","READY","CROPPED_FROM_PAGE_RENDER"
"25","Water Pump Assemblies","TRACTORS DIVISION","SWARAJ 855 XM L / M FLANGE TYPE HEAVY DUTY ( FAN DIA 34 MM )","M-865 A","P713040 A","3181","READY","CROPPED_FROM_PAGE_RENDER"
"26","Water Pump Assemblies","TRACTORS DIVISION","ZETOR 2011 / 2511 / 3511 / 2522 DOUBLE MOUTH BIG PULLEY ( Ø 133, FAN SIZE 40 MM )","M-815","2806.0000.90 / 2806.0001.90","2623","READY","CROPPED_FROM_PAGE_RENDER"
"26","Water Pump Assemblies","TRACTORS DIVISION","ZETOR 5911 SINGLE MOUTH ( BIG PULLEY Ø 133 MM, FAN SIZE 40 MM )","M-816","5906-0000.90","2623","READY","CROPPED_FROM_PAGE_RENDER"
"26","Water Pump Assemblies","TRACTORS DIVISION","ZETOR 5911 SINGLE MOUTH ( SMALL PULLEY Ø 110 MM, FAN SIZE 40 MM )","M-816 A / M-816 B","5906-0000.90","2575","READY","CROPPED_FROM_PAGE_RENDER"
"26","Water Pump Assemblies","TRACTORS DIVISION","ZETOR 6522 DOUBLE MOUTH ( BIG PULLEY Ø 133 MM, FAN SIZE 32.5 MM )","M-864","","2637","READY","CROPPED_FROM_PAGE_RENDER"
"26","Water Pump Assemblies","TRACTORS DIVISION","ZETOR 6522 DOUBLE MOUTH ( SMALL PULLEY Ø 110 MM, FAN SIZE 40 MM )","M-864 A","","2575","READY","CROPPED_FROM_PAGE_RENDER"
"26","Water Pump Assemblies","TRACTORS DIVISION","HMT 6522 TRACTOR MOUNTED CRANE / LOADER","M-864 B","","2708","READY","CROPPED_FROM_PAGE_RENDER"
"26","Water Pump Assemblies","TRACTORS DIVISION","SONALIKA INT. DI N/M 3035 INDOFARM TRACTOR ( PULLEY Ø 132 )","M-832","803404012A","2637","READY","CROPPED_FROM_PAGE_RENDER"
"26","Water Pump Assemblies","TRACTORS DIVISION","SONALIKA INT. DI N/M 3035 INDOFARM TRACTOR ( PULLEY Ø 97 MM, FAN SIZE 40 MM )","M-832 A / M-871 B","P106018 / GNEN - 051","2647","READY","CROPPED_FROM_PAGE_RENDER"
"26","Water Pump Assemblies","TRACTORS DIVISION","SONALIKA INT. DI N/M 3035 INDOFARM TRACTOR ( PULLEY Ø 110 MM, FAN SIZE 40 MM )","M-832 B / M-871 C","P016017","2598","READY","CROPPED_FROM_PAGE_RENDER"
"26","Water Pump Assemblies","TRACTORS DIVISION","SONALIKA INT. DI N/M 3035 INDOFARM TRACTOR ( PULLEY Ø 97 MM, FAN SIZE 34 MM, T. Ht. 150 MM )","M-832 C","","2495","READY","CROPPED_FROM_PAGE_RENDER"
"26","Water Pump Assemblies","TRACTORS DIVISION","SONALIKA INT. DI N/M 3035 INDOFARM TRACTOR ( PULLEY Ø 97 MM, FAN SIZE 34 MM, T. Ht. 162 MM )","M-832 D","P213040 A","2495","READY","CROPPED_FROM_PAGE_RENDER"
"26","Water Pump Assemblies","TRACTORS DIVISION","SONALIKA TURBO POWER STEERING / PREET TRACTOR ( PULLEY Ø 97, FAN SIZE 34 MM )","M-842","803404021 DE","2966","READY","CROPPED_FROM_PAGE_RENDER"
"27","Water Pump Assemblies","TRACTORS DIVISION","SONALIKA N/M ( ITL MODEL ) ( PULLEY Ø 132 , FAN SIZE 40 MM )","M-858","EP 406803","2662","READY","CROPPED_FROM_PAGE_RENDER"
"27","Water Pump Assemblies","TRACTORS DIVISION","SONALIKA N/M ( ITL MODEL ) WITH SMALLER PULLEY ( PULLEY Ø 120 , FAN SIZE 40 MM )","M-858 C","","2662","READY","CROPPED_FROM_PAGE_RENDER"
"27","Water Pump Assemblies","TRACTORS DIVISION","SONALIKA TURBO POWER STEERING WITH 2 HORIZONTAL SIDE OUTLET ( PULLEY Ø 97, FAN SIZE 40 MM )","M-871","803404024 E","2575","READY","CROPPED_FROM_PAGE_RENDER"
"27","Water Pump Assemblies","TRACTORS DIVISION","SONALIKA TURBO POWER STEERING WITH 2 HORIZONTAL SIDE OUTLET ( PULLEY Ø 97, FAN SIZE 34 MM )","M-871 A","P016007","2575","READY","CROPPED_FROM_PAGE_RENDER"
"27","Water Pump Assemblies","TRACTORS DIVISION","SONALIKA TURBO POWER STEERING WITH 2 HORIZONTAL SIDE OUTLET ( PULLEY Ø 110, FAN SIZE 40 MM )","M-871 D","","2878","READY","CROPPED_FROM_PAGE_RENDER"
"27","Water Pump Assemblies","TRACTORS DIVISION","INDOFARM TRACTOR LOADER / SONALIKA POWER STEERING ( PULLEY DIA 110 MM, FAN SIZE 40 MM )","M-872","60016030 AA","2878","READY","CROPPED_FROM_PAGE_RENDER"
"27","Water Pump Assemblies","TRACTORS DIVISION","INDOFARM TRACTOR LOADER ( PULLEY DIA 97 MM, FAN SIZE 40 MM )","M-872 A","","2720","READY","CROPPED_FROM_PAGE_RENDER"
"27","Water Pump Assemblies","TRACTORS DIVISION","INDOFARM TRACTOR LOADER ( PULLEY DIA 97 MM, FAN SIZE 34 MM )","M-872 B","","2720","READY","CROPPED_FROM_PAGE_RENDER"
"27","Water Pump Assemblies","TRACTORS DIVISION","SONALIKA INT. LATEST MODEL ( DOUBLE MOUTH HOUSING WITH 4 RIBS ) ( PULLEY Ø 110 MM )","M-842 A / M-858 A","EP406319","3036","READY","CROPPED_FROM_PAGE_RENDER"
"27","Water Pump Assemblies","TRACTORS DIVISION","SONALIKA INT. LATEST MODEL ( DOUBLE MOUTH HOUSING WITH 4 RIBS ) ( PULLEY Ø 132 MM )","M-842 B / M-858 B","EP406419","3046","READY","CROPPED_FROM_PAGE_RENDER"
"27","Water Pump Assemblies","TRACTORS DIVISION","SONALIKA O/M HG-453 MODEL ( PULLEY Ø 132 )","M-827","49010651","2629","READY","CROPPED_FROM_PAGE_RENDER"
"27","Water Pump Assemblies","TRACTORS DIVISION","SONALIKA O/M STANDARD COMBINE TRACTOR ( PULLEY Ø 136, FAN SIZE 40 MM )","M-828","EP 406100","2786","READY","CROPPED_FROM_PAGE_RENDER"
"28","Water Pump Assemblies","TRACTORS DIVISION","ESCORT C-345 / 355","M-812","62083070 / 8.14.903.2 / 903.3 / D1000910A","2793","READY","CROPPED_FROM_PAGE_RENDER"
"28","Water Pump Assemblies","TRACTORS DIVISION","ESCORT C-335 / 328 ( ITL MODEL )","M-813","","2480","READY","CROPPED_FROM_PAGE_RENDER"
"28","Water Pump Assemblies","TRACTORS DIVISION","FARMTRAC CHAMPION ESCORT POWER TRAC - 430 / 440 AVL","M-830","3515935 / D10008930A","2786","READY","CROPPED_FROM_PAGE_RENDER"
"28","Water Pump Assemblies","TRACTORS DIVISION","FARMTRAC CHAMPION ESCORT POWER TRAC - 430 / 440 AVL WITHOUT PULLEY","M-830 A","3515935","2101","READY","CROPPED_FROM_PAGE_RENDER"
"28","Water Pump Assemblies","TRACTORS DIVISION","AVL N/M SINGLE INLET WITHOUT PIPE 341 / 342 E3 312C BHA ( PULLEY Ø 105 MM )","M-830 B","","2761","READY","CROPPED_FROM_PAGE_RENDER"
"28","Water Pump Assemblies","TRACTORS DIVISION","AVL N/M D4 286 WITH 2 EXTRA INLETS ( PULLEY Ø 105 MM )","M-830 C","","2818","READY","CROPPED_FROM_PAGE_RENDER"
"28","Water Pump Assemblies","TRACTORS DIVISION","FARMTRAC AVL N/M WITH 1 EXTRA INLET ( MEDIUM PULLEY Ø 124 MM )","M-830 D","","2824","READY","CROPPED_FROM_PAGE_RENDER"
"28","Water Pump Assemblies","TRACTORS DIVISION","FORD 3600 FARMTRAC 60 NEW HOLLAND WITH BASE PLATE","M-820","D3NN-8501A / 92NH / 83NH-8501AA / D10011230A","3588","READY","CROPPED_FROM_PAGE_RENDER"
"28","Water Pump Assemblies","TRACTORS DIVISION","FORD 3600 FARMTRAC 60 NEW HOLLAND MOUNTING HOLES SIZE 11 MM WITHOUT BASE PLATE","M-820 H","D3NN-8501A / 92NH / 83NH-8501AA","2669","READY","CROPPED_FROM_PAGE_RENDER"
"28","Water Pump Assemblies","TRACTORS DIVISION","FORD 3620 / 3610 FARMTRAC-60 / NEW HOLLAND WITH BASE PLATE","M-831","","3588","READY","CROPPED_FROM_PAGE_RENDER"
"28","Water Pump Assemblies","TRACTORS DIVISION","FORD 3620 / 3610 FARMTRAC-60 / NEW HOLLAND MOUNTING HOLES SIZE 12 MM WITHOUT BASE PLATE","M-831 H","","2669","READY","CROPPED_FROM_PAGE_RENDER"
"28","Water Pump Assemblies","TRACTORS DIVISION","FARMTRAC FORD 3620 WITH SMALL B GROOVE PULLEY","M-831 HS","","2682","READY","CROPPED_FROM_PAGE_RENDER"
"29","Water Pump Assemblies","TRACTORS DIVISION","FARMTRAC FORD 3620 WITH SMALL B GROOVE PULLEY & BASE PLATE","M-831 S","","3620","READY","CROPPED_FROM_PAGE_RENDER"
"29","Water Pump Assemblies","TRACTORS DIVISION","NEW HOLLAND 3630 NEW MODEL","M-834","","3502","READY","CROPPED_FROM_PAGE_RENDER"
"29","Water Pump Assemblies","TRACTORS DIVISION","FORD NEW HOLLAND 3230","M-835","D3NN-8501A / 92NH / 83NH-8501AA","2744","READY","CROPPED_FROM_PAGE_RENDER"
"29","Water Pump Assemblies","TRACTORS DIVISION","JOHN DEERE ( WITH 3 EXTRA PIPES )","M-850","506650","5634","READY","CROPPED_FROM_PAGE_RENDER"
"29","Water Pump Assemblies","TRACTORS DIVISION","JOHN DEERE ( WITH 1 EXTRA PIPE )","M-850 A","506650","5634","READY","CROPPED_FROM_PAGE_RENDER"
"29","Water Pump Assemblies","TRACTORS DIVISION","SAME GREAVES TRACTOR N/M TURBO CRANE ( WITH 2 EXTRA OUTLET PIPES )","M-868","152993.4","4974","READY","CROPPED_FROM_PAGE_RENDER"
"29","Water Pump Assemblies","TRACTORS DIVISION","SAME GREAVES TRACTOR 111 DI ( USTAD ) ( WITH 1 EXTRA OUTLET PIPE )","M-869","343346.4","4723","READY","CROPPED_FROM_PAGE_RENDER"
"29","Water Pump Assemblies","TRACTORS DIVISION","OX TRACTOR / BALWAN TRACTOR","M-829","42001301 / 23020710 / 115200 0023 / 43000020","1505","READY","CROPPED_FROM_PAGE_RENDER"
"29","Water Pump Assemblies","TRACTORS DIVISION","DT 3250 FTICRDI NEW MODEL BIG OX TRACTOR / FORCE TRAVELLER","M-829 A","3D00-809-200-001","1833","READY","CROPPED_FROM_PAGE_RENDER"
"29","Water Pump Assemblies","TRACTORS DIVISION","BIG OX TRACTOR PUMP WITH OUTLET ELBOW ( ALUM )","M-829 B","D00-809-200-001","4210","READY","CROPPED_FROM_PAGE_RENDER"
"30","Water Pump Repair Kits","MOTOR VEHICLE DIVISION","692 ENGINE TATA 1210 WITH MEKO DESIGN PLASTIC IMPELLER AND W.P. UNITIZED SEAL M-702 U","M-1501 / M-1851","","717","READY","REVIEW_NO_SAFE_PHOTO"
"30","Water Pump Repair Kits","MOTOR VEHICLE DIVISION","697 ENGINE TATA 1312 WITH CAST IRON IMPELLER WITH CERAMIC & W.P. SEAL M-704 H","M-1505 / M-1855","","952","READY","REVIEW_NO_SAFE_PHOTO"
"30","Water Pump Repair Kits","MOTOR VEHICLE DIVISION","697 ENGINE TATA 1312 WITH MEKO DESIGN PLASTIC IMPELLER WITH CERAMIC & W.P. SEAL M-704 H","M-1505 A / M-1855 A","","976","READY","REVIEW_NO_SAFE_PHOTO"
"30","Water Pump Repair Kits","MOTOR VEHICLE DIVISION","697 ENGINE TATA 1312 WITH MEKO DESIGN PLASTIC IMPELLER WITH CERAMIC & W.P. SEAL M-714 U","M-1505 B / M-1855 B","","1013","READY","REVIEW_NO_SAFE_PHOTO"
"30","Water Pump Repair Kits","MOTOR VEHICLE DIVISION","697 ENGINE TATA EURO-II WITH ORIGINAL TYPE PLASTIC IMPELLER & W.P. UNITIZED SEAL M-714 U","M-1514 / M-1854","","1013","READY","REVIEW_NO_SAFE_PHOTO"
"30","Water Pump Repair Kits","MOTOR VEHICLE DIVISION","697 ENGINE TATA EURO-III WITH MEKO DESIGN PLASTIC IMPELLER & W.P. UNITIZED SEAL M-714 U","M-1517 / M-1857","","1075","READY","REVIEW_NO_SAFE_PHOTO"
"30","Water Pump Repair Kits","MOTOR VEHICLE DIVISION","697 ENGINE TURBO TATA EURO-IV","M-1520 / M-1870","","768","READY","REVIEW_NO_SAFE_PHOTO"
"30","Water Pump Repair Kits","MOTOR VEHICLE DIVISION","CUMMINS ENGINE 4923 BS-III TC N/M / 2528 PRIMA ( TC LATEST MODEL )","M-1534 / M-1845 A / M-1845 B","","649","READY","REVIEW_NO_SAFE_PHOTO"
"30","Water Pump Repair Kits","MOTOR VEHICLE DIVISION","CUMMINS ENGINE LPT 2516 BS-II TC TURBO","M-1535 / M-1845","","602","READY","REVIEW_NO_SAFE_PHOTO"
"30","Water Pump Repair Kits","MOTOR VEHICLE DIVISION","TATA 410 EURO - II WITHOUT SHAFT BEARING","M-1665","","531","READY","REVIEW_NO_SAFE_PHOTO"
"30","Water Pump Repair Kits","MOTOR VEHICLE DIVISION","TATA 407 NEW MODEL WITHOUT SHAFT BEARING","M-1650 / M-1664","","482","READY","REVIEW_NO_SAFE_PHOTO"
"30","Water Pump Repair Kits","MOTOR VEHICLE DIVISION","TATA 407 WITH MEKO DESIGN PLASTIC IMPELLER AND W.P. UNITIZED SEAL M-702 U","M-1603","","682","READY","REVIEW_NO_SAFE_PHOTO"
"30","Water Pump Repair Kits","MOTOR VEHICLE DIVISION","HINO 6D","M-1508","","399","READY","REVIEW_NO_SAFE_PHOTO"
"30","Water Pump Repair Kits","MOTOR VEHICLE DIVISION","HINO EURO-II","M-1532","","473","READY","REVIEW_NO_SAFE_PHOTO"
"30","Water Pump Repair Kits","MOTOR VEHICLE DIVISION","HINO EURO-III","M-1533","","407","READY","REVIEW_NO_SAFE_PHOTO"
"30","Water Pump Repair Kits","MOTOR VEHICLE DIVISION","HINO EURO - IV","M-1538","","675","READY","REVIEW_NO_SAFE_PHOTO"
"30","Water Pump Repair Kits","MOTOR VEHICLE DIVISION","IVECO CARGO","M-1524 / M-1608","","865","READY","REVIEW_NO_SAFE_PHOTO"
"30","Water Pump Repair Kits","MOTOR VEHICLE DIVISION","QHL / S-4 H/P WITH CI IMPELLER AND W.P. UNITIZED SEAL M-702 U","M-1519 / M-1545","","680","READY","REVIEW_NO_SAFE_PHOTO"
"30","Water Pump Repair Kits","COMBINE HARVESTER DIVISION","L/L 3416 COMBINE HARVESTER ENG. WITH BRASS IMPELLER","M-1824 / M-1826","","1752","READY","REVIEW_NO_SAFE_PHOTO"
"30","Water Pump Repair Kits","COMBINE HARVESTER DIVISION","L/L 3416 COMBINE HARVESTER ENG. WITH MEKO DESIGN PLASTIC IMPELLER","M-1824 A / M-1826 A","","1073","READY","REVIEW_NO_SAFE_PHOTO"
"30","Water Pump Repair Kits","COMBINE HARVESTER DIVISION","L/L 400 COMBINE HARVESTER ENG. WITH BRASS IMPELLER","M-1822","","1576","READY","REVIEW_NO_SAFE_PHOTO"
"30","Water Pump Repair Kits","COMBINE HARVESTER DIVISION","L/L 400 COMBINE HARVESTER ENG. WITH MEKO DESIGN PLASTIC IMPELLER","M-1822 A","","896","READY","REVIEW_NO_SAFE_PHOTO"
"30","Water Pump Repair Kits","COMBINE HARVESTER DIVISION","L/L 370 COMBINE HARVESTER ENG. WITH BRASS IMPELLER","M-1821","","1524","READY","REVIEW_NO_SAFE_PHOTO"
"30","Water Pump Repair Kits","COMBINE HARVESTER DIVISION","L/L 370 COMBINE HARVESTER ENG. WITH MEKO DESIGN PLASTIC IMPELLER","M-1821 A","","844","READY","REVIEW_NO_SAFE_PHOTO"
"30","Water Pump Repair Kits","D.G. GENSET DIVISION","L/L 680 D.G. GENSET ENG.","M-1836","","1655","READY","REVIEW_NO_SAFE_PHOTO"
"30","Water Pump Repair Kits","D.G. GENSET DIVISION","L/L 680 D.G. GENSET ENG. WITH MEKO DESIGN PLASTIC IMPELLER","M-1836 A","","975","READY","REVIEW_NO_SAFE_PHOTO"
"30","Water Pump Repair Kits","D.G. GENSET DIVISION","L/L 690 D.G. GENSET ENG. WITH BRASS IMPELLER","M-1838","","2200","READY","REVIEW_NO_SAFE_PHOTO"
"30","Water Pump Repair Kits","D.G. GENSET DIVISION","L/L 690 D.G. GENSET ENG. WITH MEKO DESIGN PLASTIC IMPELLER","M-1838 A","","1384","READY","REVIEW_NO_SAFE_PHOTO"
"30","Water Pump Repair Kits","TRACTOR DIVISION","JCB 3DX","M-1554","","1050","READY","REVIEW_NO_SAFE_PHOTO"
"30","Water Pump Repair Kits","TRACTOR DIVISION","P3 O/M WITH CAST IRON IMPELLER WITH CERAMIC & W.P. SEAL M-704 H","M-1801","","531","READY","REVIEW_NO_SAFE_PHOTO"
"30","Water Pump Repair Kits","TRACTOR DIVISION","P3 O/M WITH MEKO DESIGN PLASTIC IMPELLER WITH CERAMIC & W.P. SEAL M-704 H","M-1801 A","","556","READY","REVIEW_NO_SAFE_PHOTO"
"30","Water Pump Repair Kits","TRACTOR DIVISION","P3 O/M WITH MEKO DESIGN PLASTIC IMPELLER & W.P. UNITIZED SEAL M-702 U","M-1801 B","","593","READY","REVIEW_NO_SAFE_PHOTO"
"30","Water Pump Repair Kits","TRACTOR DIVISION","P3 DI WITH CAST IRON IMPELLER WITH CERAMIC & W.P. SEAL M-704 H","M-1803","","408","READY","REVIEW_NO_SAFE_PHOTO"
"30","Water Pump Repair Kits","TRACTOR DIVISION","P3 DI WITH MEKO DESIGN PLASTIC IMPELLER WITH CERAMIC & W.P. SEAL M-704 H","M-1803 A","","433","READY","REVIEW_NO_SAFE_PHOTO"
"30","Water Pump Repair Kits","TRACTOR DIVISION","P3 DI WITH MEKO DESIGN PLASTIC IMPELLER & W.P. UNITIZED SEAL M-702 U","M-1803 B","","470","READY","REVIEW_NO_SAFE_PHOTO"
"30","Water Pump Repair Kits","TRACTOR DIVISION","M/F 135 - 145 WITH CAST IRON IMPELLER WITH CERAMIC & W.P. SEAL M-704 H","M-1804 / M-1805","","408","READY","REVIEW_NO_SAFE_PHOTO"
"30","Water Pump Repair Kits","TRACTOR DIVISION","M/F 135 - 145 WITH MEKO DESIGN PLASTIC IMPELLER WITH CERAMIC & W.P. SEAL M-704 H","M-1804 A / M-1805 A","","433","READY","REVIEW_NO_SAFE_PHOTO"
"30","Water Pump Repair Kits","TRACTOR DIVISION","M/F 135 - 145 WITH MEKO DESIGN PLASTIC IMPELLER & W.P. UNITIZED SEAL M-702 U","M-1804 B / M-1805 B","","470","READY","REVIEW_NO_SAFE_PHOTO"
"30","Water Pump Repair Kits","TRACTOR DIVISION","J/D INTER O/M WITH CAST IRON IMPELLER WITH CERAMIC & W.P. SEAL M-704 H","M-1808 / M-1809","","445","READY","REVIEW_NO_SAFE_PHOTO"
"30","Water Pump Repair Kits","TRACTOR DIVISION","J/D INTER O/M WITH MEKO DESIGN PLASTIC IMPELLER WITH CERAMIC & W.P. SEAL M-704 H","M-1808 A / M-1809 A","","470","READY","REVIEW_NO_SAFE_PHOTO"
"30","Water Pump Repair Kits","TRACTOR DIVISION","J/D INTER O/M WITH MEKO DESIGN PLASTIC IMPELLER & W.P. UNITIZED SEAL M-702 U","M-1808 B / M-1809 B","","507","READY","REVIEW_NO_SAFE_PHOTO"
"30","Water Pump Repair Kits","TRACTOR DIVISION","INTER DI WITH CAST IRON IMPELLER WITH CERAMIC & W.P. SEAL M-704 H","M-1810","","445","READY","REVIEW_NO_SAFE_PHOTO"
"30","Water Pump Repair Kits","TRACTOR DIVISION","INTER DI WITH MEKO DESIGN PLASTIC IMPELLER WITH CERAMIC & W.P. SEAL M-704 H","M-1810 A","","470","READY","REVIEW_NO_SAFE_PHOTO"
"30","Water Pump Repair Kits","TRACTOR DIVISION","INTER DI WITH MEKO DESIGN PLASTIC IMPELLER & W.P. UNITIZED SEAL M-702 U","M-1810 B","","507","READY","REVIEW_NO_SAFE_PHOTO"
"30","Water Pump Repair Kits","TRACTOR DIVISION","SARPANCH WITH MEKO DESIGN PLASTIC IMPELLER & W.P. UNITIZED SEAL M-702 U","M-1814","","544","READY","REVIEW_NO_SAFE_PHOTO"
"31","Water Pump Repair Kits","TRACTOR DIVISION","M&M ARJUN ULTRA WITH MEKO DESIGN PLASTIC IMPELLER & W.P. UNITIZED SEAL M-702 U","M-1837 / M-1839","","581","READY","REVIEW_NO_SAFE_PHOTO"
"31","Water Pump Repair Kits","TRACTOR DIVISION","SWARAJ 735-724 WITH MEKO DESIGN PLASTIC IMPELLER & W.P. UNITIZED SEAL M-702 U","M-1811 / M-1817","","470","READY","REVIEW_NO_SAFE_PHOTO"
"31","Water Pump Repair Kits","TRACTOR DIVISION","S 855 / S 744 / S 855 XM WITH MEKO DESIGN PLASTIC IMPELLER & W.P. UNITIZED SEAL M-702 U","M-1818 / M-1840 / M-1865","","729","READY","REVIEW_NO_SAFE_PHOTO"
"31","Water Pump Repair Kits","TRACTOR DIVISION","SWARAJ 939 WITH CI IMPELLER & W.P. UNITIZED SEAL M-702 U","M-1819","","717","READY","REVIEW_NO_SAFE_PHOTO"
"31","Water Pump Repair Kits","TRACTOR DIVISION","ESCORT 345 WITH MEKO DESIGN PLASTIC IMPELLER & W.P. UNITIZED SEAL M-702 U","M-1812","","556","READY","REVIEW_NO_SAFE_PHOTO"
"31","Water Pump Repair Kits","TRACTOR DIVISION","ZETOR 2011 / 5911 / HG 453 WITH MEKO DESIGN PLASTIC IMPELLER & W.P. UNITIZED SEAL M-702 U","M-1815 / M-1816 / M-1827","","803","READY","REVIEW_NO_SAFE_PHOTO"
"31","Water Pump Repair Kits","TRACTOR DIVISION","FORD 3600 / 3620 WITH CAST IRON IMPELLER WITH CERAMIC & W.P. SEAL M-704 H","M-1820","","568","READY","REVIEW_NO_SAFE_PHOTO"
"31","Water Pump Repair Kits","TRACTOR DIVISION","FORD 3600 / 3620 WITH MEKO DESIGN PLASTIC IMPELLER WITH CERAMIC & W.P. SEAL M-704 H","M-1820 A","","593","READY","REVIEW_NO_SAFE_PHOTO"
"31","Water Pump Repair Kits","TRACTOR DIVISION","FORD 3600 / 3620 WITH MEKO DESIGN PLASTIC IMPELLER & W.P. UNITIZED SEAL M-702 U","M-1820 B","","630","READY","REVIEW_NO_SAFE_PHOTO"
"31","Water Pump Repair Kits","TRACTOR DIVISION","AVL WITH MEKO DESIGN PLASTIC IMPELLER & W.P. UNITIZED SEAL M-702 U","M-1830","","556","READY","REVIEW_NO_SAFE_PHOTO"
"31","Water Pump Repair Kits","TRACTOR DIVISION","SONALIKA WITH MEKO DESIGN PLASTIC IMPELLER & W.P. UNITIZED SEAL M-702 U","M-1828 / M-1832","","803","READY","REVIEW_NO_SAFE_PHOTO"
"31","Water Pump Repair Kits","TRACTOR DIVISION","JOHN DEERE WITH CI IMPELLER & W.P. UNITIZED SEAL M-702 U","M-1850","","1458","READY","REVIEW_NO_SAFE_PHOTO"
"31","Water Pump Repair Kits","TRACTOR DIVISION","MM TURBO WITH MEKO DESIGN PLASTIC IMPELLER & W.P. UNITIZED SEAL M-702 U","M-1862","","593","READY","REVIEW_NO_SAFE_PHOTO"
"31","Water Pump Repair Kits With Bearing","MOTOR VEHICLE DIVISION","697 ENGINE TATA 1312 WITH CAST IRON IMPELLER WITH CERAMIC & W.P. SEAL M-704 H","M-6505 / M-6855","","2027","READY","REVIEW_NO_SAFE_PHOTO"
"31","Water Pump Repair Kits With Bearing","MOTOR VEHICLE DIVISION","697 ENGINE TATA 1312 WITH MEKO DESIGN PLASTIC IMPELLER WITH CERAMIC & W.P. SEAL M-704 H","M-6505 A / M-6855 A","","2064","READY","REVIEW_NO_SAFE_PHOTO"
"31","Water Pump Repair Kits With Bearing","MOTOR VEHICLE DIVISION","697 ENGINE TATA 1312 WITH MEKO DESIGN PLASTIC IMPELLER WITH CERAMIC & W.P. SEAL M-714 U","M-6505 B / M-6855 B","","2101","READY","REVIEW_NO_SAFE_PHOTO"
"31","Water Pump Repair Kits With Bearing","MOTOR VEHICLE DIVISION","697 ENGINE TATA EURO-II WITH ORIGINAL TYPE PLASTIC IMPELLER & W.P. UNITIZED SEAL M-714 U","M-6514 / M-6854","","2101","READY","REVIEW_NO_SAFE_PHOTO"
"31","Water Pump Repair Kits With Bearing","MOTOR VEHICLE DIVISION","697 ENGINE TATA EURO-III WITH MEKO DESIGN PLASTIC IMPELLER & W.P. UNITIZED SEAL M-714 U","M-6517 / M-6857","","2163","READY","REVIEW_NO_SAFE_PHOTO"
"31","Water Pump Repair Kits With Bearing","MOTOR VEHICLE DIVISION","697 ENG. TURBO TATA EURO-IV WITH ORIGINAL TYPE PLASTIC IMPELLER & W.P. UNITIZED SEAL M-714 U","M-6520 / M-6870","","997","READY","REVIEW_NO_SAFE_PHOTO"
"31","Water Pump Repair Kits With Bearing","MOTOR VEHICLE DIVISION","CUMMINS ENG. 4923 BS-III TC N/M / 2528 PRIMA TC LAT. MODEL WITH ORIGINAL TYPE PLASTIC IMP.","M-6534 / M-6845 A / M-6845 B","","1060","READY","REVIEW_NO_SAFE_PHOTO"
"31","Water Pump Repair Kits With Bearing","MOTOR VEHICLE DIVISION","CUMMINS ENG. LPT 2516 BS-II TC TURBO WITH SHEET METAL IMPELLER","M-6535 / M-6845","","1020","READY","REVIEW_NO_SAFE_PHOTO"
"31","Water Pump Repair Kits With Bearing","MOTOR VEHICLE DIVISION","HINO 6D","M-6508","","1104","READY","REVIEW_NO_SAFE_PHOTO"
"31","Water Pump Repair Kits With Bearing","MOTOR VEHICLE DIVISION","LEYLAND CARGO","M-6608 / M-6524","","1876","READY","REVIEW_NO_SAFE_PHOTO"
"31","Water Pump Repair Kits With Bearing","MOTOR VEHICLE DIVISION","HINO EURO-II","M-6532","","2474","READY","REVIEW_NO_SAFE_PHOTO"
"31","Water Pump Repair Kits With Bearing","MOTOR VEHICLE DIVISION","HINO EURO-III","M-6533","","2600","READY","REVIEW_NO_SAFE_PHOTO"
"31","Water Pump Repair Kits With Bearing","MOTOR VEHICLE DIVISION","HINO EURO - IV","M-6538","","2700","READY","REVIEW_NO_SAFE_PHOTO"
"31","Water Pump Repair Kits With Bearing","MOTOR VEHICLE DIVISION","QHL / S-4 H/P WITH CI IMPELLER AND W.P. UNITIZED SEAL M-702 U","M-6519 / M-6545","","1162","READY","REVIEW_NO_SAFE_PHOTO"
"31","Water Pump Repair Kits With Bearing","COMBINE HARVESTER DIVISION","L/L 3416 COMBINE HARVESTER ENG. WITH BRASS IMPELLER","M-6513 / M-6824 / M-6511 / M-6826","","2307","READY","REVIEW_NO_SAFE_PHOTO"
"31","Water Pump Repair Kits With Bearing","COMBINE HARVESTER DIVISION","L/L 3416 COMBINE HARVESTER ENG. WITH MEKO DESIGN PLASTIC IMPELLER","M-6513 A / M-6824 A / M-6511 A / M-6826 A","","1628","READY","REVIEW_NO_SAFE_PHOTO"
"31","Water Pump Repair Kits With Bearing","COMBINE HARVESTER DIVISION","L/L 400 COMBINE HARVESTER ENG. WITH BRASS IMPELLER","M-6510 / M-6822","","2213","READY","REVIEW_NO_SAFE_PHOTO"
"31","Water Pump Repair Kits With Bearing","COMBINE HARVESTER DIVISION","L/L 400 COMBINE HARVESTER ENG. WITH MEKO DESIGN PLASTIC IMPELLER","M-6510 A / M-6822 A","","1534","READY","REVIEW_NO_SAFE_PHOTO"
"31","Water Pump Repair Kits With Bearing","COMBINE HARVESTER DIVISION","L/L 370 COMBINE HARVESTER ENG. WITH BRASS IMPELLER","M-6506 / M-6821","","2076","READY","REVIEW_NO_SAFE_PHOTO"
"31","Water Pump Repair Kits With Bearing","COMBINE HARVESTER DIVISION","L/L 370 COMBINE HARVESTER ENG. WITH MEKO DESIGN PLASTIC IMPELLER","M-6506 A / M-6821 A","","1397","READY","REVIEW_NO_SAFE_PHOTO"
"31","Water Pump Repair Kits With Bearing","D.G. GENSET DIVISION","L/L 680 D.G. GENSET ENG. WITH BRASS IMPELLER","M-6507 / M-6836","","2205","READY","REVIEW_NO_SAFE_PHOTO"
"31","Water Pump Repair Kits With Bearing","D.G. GENSET DIVISION","L/L 680 D.G. GENSET ENG. WITH MEKO DESIGN PLASTIC IMPELLER","M-6507 A / M-6836 A","","1525","READY","REVIEW_NO_SAFE_PHOTO"
"31","Water Pump Repair Kits With Bearing","D.G. GENSET DIVISION","L/L 690 D.G. GENSET ENG. WITH BRASS IMPELLER","M-6523 / M-6838","","3080","READY","REVIEW_NO_SAFE_PHOTO"
"31","Water Pump Repair Kits With Bearing","D.G. GENSET DIVISION","L/L 690 D.G. GENSET ENG. WITH MEKO DESIGN PLASTIC IMPELLER","M-6523 A / M-6838 A","","2264","READY","REVIEW_NO_SAFE_PHOTO"
"31","Water Pump Repair Kits With Bearing","TRACTOR DIVISION","JCB 3DX","M-6554","","1534","READY","REVIEW_NO_SAFE_PHOTO"
"31","Water Pump Repair Kits With Bearing","TRACTOR DIVISION","P3 O/M WITH CAST IRON IMPELLER WITH CERAMIC & W.P. SEAL M-704 H","M-6801","","717","READY","REVIEW_NO_SAFE_PHOTO"
"31","Water Pump Repair Kits With Bearing","TRACTOR DIVISION","P3 O/M WITH MEKO DESIGN PLASTIC IMPELLER WITH CERAMIC & W.P. SEAL M-704 H","M-6801 A","","779","READY","REVIEW_NO_SAFE_PHOTO"
"31","Water Pump Repair Kits With Bearing","TRACTOR DIVISION","P3 O/M WITH MEKO DESIGN PLASTIC IMPELLER & W.P. UNITIZED SEAL M-702 U","M-6801 B","","803","READY","REVIEW_NO_SAFE_PHOTO"
"31","Water Pump Repair Kits With Bearing","TRACTOR DIVISION","P3 DI WITH CAST IRON IMPELLER WITH CERAMIC & W.P. SEAL M-704 H","M-6803","","840","READY","REVIEW_NO_SAFE_PHOTO"
"32","Water Pump Repair Kits With Bearing","TRACTOR DIVISION","P3 DI WITH MEKO DESIGN PLASTIC IMPELLER WITH CERAMIC & W.P. SEAL M-704 H","M-6803 A","","779","READY","REVIEW_NO_SAFE_PHOTO"
"32","Water Pump Repair Kits With Bearing","TRACTOR DIVISION","P3 DI WITH MEKO DESIGN PLASTIC IMPELLER & W.P. UNITIZED SEAL M-702 U","M-6803 B","","803","READY","REVIEW_NO_SAFE_PHOTO"
"32","Water Pump Repair Kits With Bearing","TRACTOR DIVISION","M/F 135 - 145 WITH CAST IRON IMPELLER WITH CERAMIC & W.P. SEAL M-704 H","M-6804 / M-6805","","840","READY","REVIEW_NO_SAFE_PHOTO"
"32","Water Pump Repair Kits With Bearing","TRACTOR DIVISION","M/F 135 - 145 WITH MEKO DESIGN PLASTIC IMPELLER WITH CERAMIC & W.P. SEAL M-704 H","M-6804 A / M-6805 A","","816","READY","REVIEW_NO_SAFE_PHOTO"
"32","Water Pump Repair Kits With Bearing","TRACTOR DIVISION","M/F 135 - 145 WITH MEKO DESIGN PLASTIC IMPELLER & W.P. UNITIZED SEAL M-702 U","M-6804 B / M-6805 B","","840","READY","REVIEW_NO_SAFE_PHOTO"
"32","Water Pump Repair Kits With Bearing","TRACTOR DIVISION","J/D INTER O/M WITH CAST IRON IMPELLER WITH CERAMIC & W.P. SEAL M-704 H","M-6808 / M-6809","","816","READY","REVIEW_NO_SAFE_PHOTO"
"32","Water Pump Repair Kits With Bearing","TRACTOR DIVISION","J/D INTER O/M WITH MEKO DESIGN PLASTIC IMPELLER WITH CERAMIC & W.P. SEAL M-704 H","M-6808 A / M-6809 A","","840","READY","REVIEW_NO_SAFE_PHOTO"
"32","Water Pump Repair Kits With Bearing","TRACTOR DIVISION","J/D INTER O/M WITH MEKO DESIGN PLASTIC IMPELLER & W.P. UNITIZED SEAL M-702 U","M-6808 B / M-6809 B","","877","READY","REVIEW_NO_SAFE_PHOTO"
"32","Water Pump Repair Kits With Bearing","TRACTOR DIVISION","INTER DI WITH CAST IRON IMPELLER WITH CERAMIC & W.P. SEAL M-704 H","M-6810","","816","READY","REVIEW_NO_SAFE_PHOTO"
"32","Water Pump Repair Kits With Bearing","TRACTOR DIVISION","INTER DI WITH MEKO DESIGN PLASTIC IMPELLER WITH CERAMIC & W.P. SEAL M-704 H","M-6810 A","","840","READY","REVIEW_NO_SAFE_PHOTO"
"32","Water Pump Repair Kits With Bearing","TRACTOR DIVISION","INTER DI WITH MEKO DESIGN PLASTIC IMPELLER & W.P. UNITIZED SEAL M-702 U","M-6810 B","","877","READY","REVIEW_NO_SAFE_PHOTO"
"32","Water Pump Repair Kits With Bearing","TRACTOR DIVISION","SARPANCH WITH MEKO DESIGN PLASTIC IMPELLER & W.P. UNITIZED SEAL M-702 U","M-6814","","915","READY","REVIEW_NO_SAFE_PHOTO"
"32","Water Pump Repair Kits With Bearing","TRACTOR DIVISION","M&M ARJUN ULTRA WITH MEKO DESIGN PLASTIC IMPELLER & W.P. UNITIZED SEAL M-702 U","M-6837 / M-6626","","952","READY","REVIEW_NO_SAFE_PHOTO"
"32","Water Pump Repair Kits With Bearing","TRACTOR DIVISION","SWARAJ 735-724 WITH MEKO DESIGN PLASTIC IMPELLER & W.P. UNITIZED SEAL M-702 U","M-6811 / M-6817","","840","READY","REVIEW_NO_SAFE_PHOTO"
"32","Water Pump Repair Kits With Bearing","TRACTOR DIVISION","S 855 / S 744 / S 855 XM WITH MEKO DESIGN PLASTIC IMPELLER & W.P. UNITIZED SEAL M-702 U","M-6818 / M-6840 / M-6865","","1100","READY","REVIEW_NO_SAFE_PHOTO"
"32","Water Pump Repair Kits With Bearing","TRACTOR DIVISION","SWARAJ 939 WITH CI IMPELLER & W.P. UNITIZED SEAL M-702 U","M-6819","","1162","READY","REVIEW_NO_SAFE_PHOTO"
"32","Water Pump Repair Kits With Bearing","TRACTOR DIVISION","ESCORT 345 WITH MEKO DESIGN PLASTIC IMPELLER & W.P. UNITIZED SEAL M-702 U","M-6812","","927","READY","REVIEW_NO_SAFE_PHOTO"
"32","Water Pump Repair Kits With Bearing","TRACTOR DIVISION","ZETOR 5911 / 2011 WITH MEKO DESIGN PLASTIC IMPELLER & W.P. UNITIZED SEAL M-702 U","M-6815 / M-6816","","1100","READY","REVIEW_NO_SAFE_PHOTO"
"32","Water Pump Repair Kits With Bearing","TRACTOR DIVISION","FORD 3600 / 3620 WITH CAST IRON IMPELLER WITH CERAMIC & W.P. SEAL M-704 H","M-6820","","939","READY","REVIEW_NO_SAFE_PHOTO"
"32","Water Pump Repair Kits With Bearing","TRACTOR DIVISION","FORD 3600 / 3620 WITH MEKO DESIGN PLASTIC IMPELLER WITH CERAMIC & W.P. SEAL M-704 H","M-6820 A","","964","READY","REVIEW_NO_SAFE_PHOTO"
"32","Water Pump Repair Kits With Bearing","TRACTOR DIVISION","FORD 3600 / 3620 WITH MEKO DESIGN PLASTIC IMPELLER & W.P. UNITIZED SEAL M-702 U","M-6820 B","","1001","READY","REVIEW_NO_SAFE_PHOTO"
"32","Water Pump Repair Kits With Bearing","TRACTOR DIVISION","AVL WITH MEKO DESIGN PLASTIC IMPELLER & W.P. UNITIZED SEAL M-702 U","M-6830","","840","READY","REVIEW_NO_SAFE_PHOTO"
"32","Water Pump Repair Kits With Bearing","TRACTOR DIVISION","SONALIKA WITH MEKO DESIGN PLASTIC IMPELLER & W.P. UNITIZED SEAL M-702 U","M-6828 / M-6827","","1186","READY","REVIEW_NO_SAFE_PHOTO"
"32","Water Pump Repair Kits With Bearing","TRACTOR DIVISION","JOHN DEERE WITH C.I. IMPELLER & W.P. UNITIZED SEAL M-702 U","M-6850","","1916","READY","REVIEW_NO_SAFE_PHOTO"
"32","Water Pump Repair Kits With Bearing","TRACTOR DIVISION","MM TURBO WITH MEKO DESIGN PLASTIC IMPELLER & W.P. UNITIZED SEAL M-702 U","M-6862","","964","READY","REVIEW_NO_SAFE_PHOTO"
"32","Water Pump Seal Kits","MOTOR VEHICLE DIVISION","697 ENGINE TATA 1312","M-2505 / M-2855","","284","READY","REVIEW_NO_SAFE_PHOTO"
"32","Water Pump Seal Kits","MOTOR VEHICLE DIVISION","697 ENGINE TATA EURO - II","M-2514 / M-2854","","314","READY","REVIEW_NO_SAFE_PHOTO"
"32","Water Pump Seal Kits","MOTOR VEHICLE DIVISION","TATA 1210 O/M","M-5514","","208","READY","REVIEW_NO_SAFE_PHOTO"
"32","Water Pump Seal Kits","MOTOR VEHICLE DIVISION","697 TURBO ENGINE TATA EURO - III","M-2517 / M-2857","","471","READY","REVIEW_NO_SAFE_PHOTO"
"32","Water Pump Seal Kits","MOTOR VEHICLE DIVISION","697 TURBO ENGINE TATA EURO - IV","M-2520 / M-2870","","471","READY","REVIEW_NO_SAFE_PHOTO"
"32","Water Pump Seal Kits","MOTOR VEHICLE DIVISION","CUMMINS ENGINE 4923 BS-III TC N/M / 2528 PRIMA TC LATEST MODEL","M-2534 / M-2845 A / M-2845 B","","325","READY","REVIEW_NO_SAFE_PHOTO"
"32","Water Pump Seal Kits","MOTOR VEHICLE DIVISION","CUMMINS ENGINE LPT 2516 BS-II TC TURBO","M-2535 / M-2845","","332","READY","REVIEW_NO_SAFE_PHOTO"
"32","Water Pump Seal Kits","MOTOR VEHICLE DIVISION","HINO 6D","M-4508","","153","READY","REVIEW_NO_SAFE_PHOTO"
"32","Water Pump Seal Kits","MOTOR VEHICLE DIVISION","TATA 407","M-2603","","269","READY","REVIEW_NO_SAFE_PHOTO"
"32","Water Pump Seal Kits","MOTOR VEHICLE DIVISION","TATA 407 NEW MODEL","M-2650","","263","READY","REVIEW_NO_SAFE_PHOTO"
"32","Water Pump Seal Kits","MOTOR VEHICLE DIVISION","TATA 410","M-2665","","302","READY","REVIEW_NO_SAFE_PHOTO"
"32","Water Pump Seal Kits","MOTOR VEHICLE DIVISION","TATA 1312","M-3505 / M-3855","","235","READY","REVIEW_NO_SAFE_PHOTO"
"32","Water Pump Seal Kits","MOTOR VEHICLE DIVISION","TATA 407","M-3603","","235","READY","REVIEW_NO_SAFE_PHOTO"
"32","Water Pump Seal Kits","MOTOR VEHICLE DIVISION","EURO - II 697 ENGINE","M-3514 / M-3854","","272","READY","REVIEW_NO_SAFE_PHOTO"
"32","Water Pump Seal Kits","MOTOR VEHICLE DIVISION","EURO - III 697 ENGINE","M-3517 / M-3857","","320","READY","REVIEW_NO_SAFE_PHOTO"
"32","Water Pump Seal Kits","COMBINE HARVESTER DIVISION","L/L 370 COMBINE HARVESTER ENG.","M-3506 / M-3821","","287","READY","REVIEW_NO_SAFE_PHOTO"
"32","Water Pump Seal Kits","COMBINE HARVESTER DIVISION","L/L 400 COMBINE HARVESTER ENG.","M-3510 / M-3822","","315","READY","REVIEW_NO_SAFE_PHOTO"
"32","Water Pump Seal Kits","COMBINE HARVESTER DIVISION","L/L 3416 COMBINE HARVESTER ENG.","M-3513 / M-3824","","318","READY","REVIEW_NO_SAFE_PHOTO"
"33","Water Pump Seal Kits","D.G. GENSET DIVISION","L/L 680 D.G. GENSET ENG.","M-3507 / M-3836","","250","READY","REVIEW_NO_SAFE_PHOTO"
"33","Water Pump Seal Kits","D.G. GENSET DIVISION","L/L 690 D.G. GENSET ENG.","M-3523 / M-3838","","304","READY","REVIEW_NO_SAFE_PHOTO"
"33","Water Pump Seals","COMBINE HARVESTER DIVISION","COMBINE HARVESTER","M-705 U","","235","READY","REVIEW_NO_SAFE_PHOTO"
"33","Water Pump Seals","COMBINE HARVESTER DIVISION","370 COMBINE HARVESTER","M-707","","111","READY","REVIEW_NO_SAFE_PHOTO"
"33","Water Pump Seals","COMBINE HARVESTER DIVISION","3416 COMBINE HARVESTER","M-708","","148","READY","REVIEW_NO_SAFE_PHOTO"
"33","Water Pump Seals","COMBINE HARVESTER DIVISION","COMBINE HARVESTER","M-712 U","","245","READY","REVIEW_NO_SAFE_PHOTO"
"33","Water Pump Seals","COMBINE HARVESTER DIVISION","COMBINE HARVESTER","M-714 U","","245","READY","REVIEW_NO_SAFE_PHOTO"
"33","Water Pump Seals","COMBINE HARVESTER DIVISION","STEEL CUP L/L 400 COMBINE HARVESTER","M-716","","185","READY","REVIEW_NO_SAFE_PHOTO"
"33","Water Pump Seals","TRACTOR DIVISION","MAHINDRA / FORD / ESCORT / NEW HOLLAND / JOHN DEERE / HM & ALL MODELS","M-702 U","","235","READY","REVIEW_NO_SAFE_PHOTO"
"33","Water Pump Seals","TRACTOR DIVISION","SWARAJ ALL NEW MODELS","M-701 U","","185","READY","REVIEW_NO_SAFE_PHOTO"
"33","Water Pump Seals","TRACTOR DIVISION","ALL OLD MODELS","M-704 H","","111","READY","REVIEW_NO_SAFE_PHOTO"
"33","Water Pump Seals","TRACTOR DIVISION","M-704 H SEAL WITH CERAMIC 27 / 19 / 4","M-70452","","162","READY","REVIEW_NO_SAFE_PHOTO"
"33","Water Pump Seals","TRACTOR DIVISION","INTER / P-3 / ALL OLDEST MODELS","M-706 R","","87","READY","REVIEW_NO_SAFE_PHOTO"
"33","Water Pump Shafts","MOTOR VEHICLE DIVISION","692 ENGINE 1210","M-50101 / M-85101","","220","READY","REVIEW_NO_SAFE_PHOTO"
"33","Water Pump Shafts","MOTOR VEHICLE DIVISION","697 ENGINE 1312 / EURO - II / EURO -III","M-50501 / M-85501","","541","READY","REVIEW_NO_SAFE_PHOTO"
"33","Water Pump Shafts","MOTOR VEHICLE DIVISION","TATA EURO-IV ENGINE","M-52001 / M-87001","","3370","READY","REVIEW_NO_SAFE_PHOTO"
"33","Water Pump Shafts","MOTOR VEHICLE DIVISION","HINO 6D","M-50801","","952","READY","REVIEW_NO_SAFE_PHOTO"
"33","Water Pump Shafts","MOTOR VEHICLE DIVISION","HINO EURO - II","M-53201","","2700","READY","REVIEW_NO_SAFE_PHOTO"
"33","Water Pump Shafts","MOTOR VEHICLE DIVISION","HINO EURO - III","M-53301","","2700","READY","REVIEW_NO_SAFE_PHOTO"
"33","Water Pump Shafts","MOTOR VEHICLE DIVISION","EVACO CARGO","M-52401 / M-60801","","1102","READY","REVIEW_NO_SAFE_PHOTO"
"33","Water Pump Shafts","MOTOR VEHICLE DIVISION","TATA 407","M-60301","","227","READY","REVIEW_NO_SAFE_PHOTO"
"33","Water Pump Shafts","MOTOR VEHICLE DIVISION","TATA 407 NEW MODEL","M-65001","","1036","READY","REVIEW_NO_SAFE_PHOTO"
"33","Water Pump Shafts","MOTOR VEHICLE DIVISION","CUMMINS ENGINE LPT 2516 BS-II TC TURBO","M-53501 / M-84501","","677","READY","REVIEW_NO_SAFE_PHOTO"
"33","Water Pump Shafts","MOTOR VEHICLE DIVISION","CUMMINS ENGINE 4923 BS-III TC N/M / 2528 PRIMA ( TC LATEST MODEL )","M-53401 / M-84501 A / M-84501 B","","677","READY","REVIEW_NO_SAFE_PHOTO"
"33","Water Pump Shafts","COMBINE HARVESTER DIVISION","COMBINE HARVESTER ENGINE 370","M-50601 / M-82101","","321","READY","REVIEW_NO_SAFE_PHOTO"
"33","Water Pump Shafts","COMBINE HARVESTER DIVISION","COMBINE HARVESTER ENGINE 400","M-51001 / M-82201","","358","READY","REVIEW_NO_SAFE_PHOTO"
"33","Water Pump Shafts","COMBINE HARVESTER DIVISION","COMBINE HARVESTER ENGINE 3416","M-51301 / M-82401","","383","READY","REVIEW_NO_SAFE_PHOTO"
"33","Water Pump Shafts","D.G. GENSET DIVISION","L/L 680 COMBINE HARVESTER ENG.","M-50701 / M-83601","","399","READY","REVIEW_NO_SAFE_PHOTO"
"33","Water Pump Shafts","D.G. GENSET DIVISION","L/L 690 COMBINE HARVESTER ENG.","M-52301 / M-83801","","478","READY","REVIEW_NO_SAFE_PHOTO"
"33","Water Pump Shafts","TRACTOR DIVISION","INTER / MAHINDRA ALL MODELS","M-80901","","407","READY","REVIEW_NO_SAFE_PHOTO"
"33","Water Pump Shafts","TRACTOR DIVISION","FORD / ESCORT / AVL","M-82001","","407","READY","REVIEW_NO_SAFE_PHOTO"
"33","Water Pump Shafts","TRACTOR DIVISION","M/F 135 / P3 DI","M-80401 A","","407","READY","REVIEW_NO_SAFE_PHOTO"
"33","Water Pump Impellers","MOTOR VEHICLE DIVISION","692 ENGINE 1210 MEKO DESIGN PLASTIC IMPELLER WITH CERAMIC","M-50102 / M-85102","","334","READY","REVIEW_NO_SAFE_PHOTO"
"33","Water Pump Impellers","MOTOR VEHICLE DIVISION","697 ENGINE 1312 CAST IRON IMPELLER WITH CERAMIC","M-50502 ( C ) / M-85502 ( C )","","321","READY","REVIEW_NO_SAFE_PHOTO"
"33","Water Pump Impellers","MOTOR VEHICLE DIVISION","697 ENGINE 1312 CAST IRON IMPELLER WITHOUT CERAMIC","M-50502","","243","READY","REVIEW_NO_SAFE_PHOTO"
"33","Water Pump Impellers","MOTOR VEHICLE DIVISION","697 ENGINE 1312 MEKO DESIGN PLASTIC IMPELLER WITH CERAMIC ( USE W.P. SEAL M-704 H )","M-50502 A / M-85502 A","","284","READY","REVIEW_NO_SAFE_PHOTO"
"33","Water Pump Impellers","MOTOR VEHICLE DIVISION","697 ENGINE 1312 MEKO DESIGN PLASTIC IMPELLER ( USE W.P. SEAL M-702 U )","M-50502 B / M-85502 B","","346","READY","REVIEW_NO_SAFE_PHOTO"
"34","Water Pump Impellers","MOTOR VEHICLE DIVISION","697 ENGINE EURO - II ORIGINAL TYPE PLASTIC IMPELLER ( USE W.P. SEAL M-714 U )","M-51402 / M-85402 / M-50402 / M-54002","","284","READY","REVIEW_NO_SAFE_PHOTO"
"34","Water Pump Impellers","MOTOR VEHICLE DIVISION","697 ENGINE TURBO EURO - III MEKO DESIGN PLASTIC IMPELLER ( USE W.P. SEAL M-714 U )","M-51702 / M-85702","","346","READY","REVIEW_NO_SAFE_PHOTO"
"34","Water Pump Impellers","MOTOR VEHICLE DIVISION","HINO 6D","M-50802","","195","READY","REVIEW_NO_SAFE_PHOTO"
"34","Water Pump Impellers","MOTOR VEHICLE DIVISION","HINO EURO - II","M-53202 ( 75 MM )","","235","READY","REVIEW_NO_SAFE_PHOTO"
"34","Water Pump Impellers","MOTOR VEHICLE DIVISION","HINO EURO - II","M-53202 ( 85 MM )","","235","READY","REVIEW_NO_SAFE_PHOTO"
"34","Water Pump Impellers","MOTOR VEHICLE DIVISION","HINO EURO - III","M-53302","","260","READY","REVIEW_NO_SAFE_PHOTO"
"34","Water Pump Impellers","MOTOR VEHICLE DIVISION","LATEST MODEL HINO EURO - IV","M-53802","","284","READY","REVIEW_NO_SAFE_PHOTO"
"34","Water Pump Impellers","MOTOR VEHICLE DIVISION","TATA 407 MEKO DESIGN PLASTIC IMPELLER ( USE W.P. SEAL M-702 U )","M-60302","","235","READY","REVIEW_NO_SAFE_PHOTO"
"34","Water Pump Impellers","MOTOR VEHICLE DIVISION","TATA 407 NEW MODEL MEKO DESIGN PLASTIC IMPELLER ( USE W.P. SEAL M-702 U )","M-65002 / M-66402","","235","READY","REVIEW_NO_SAFE_PHOTO"
"34","Water Pump Impellers","MOTOR VEHICLE DIVISION","TATA 410 MEKO DESIGN PLASTIC IMPELLER ( USE W.P. SEAL M-702 U )","M-66502","","247","READY","REVIEW_NO_SAFE_PHOTO"
"34","Water Pump Impellers","COMBINE HARVESTER DIVISION","HARVESTER COMBINE 370 ENGINE BRASS IMPELLER","M-50602 / M-82102","","1157","READY","REVIEW_NO_SAFE_PHOTO"
"34","Water Pump Impellers","COMBINE HARVESTER DIVISION","HARVESTER COMBINE 370 ENGINE MEKO DESIGN PLASTIC IMPELLER","M-50602 A / M-82102 A","","477","READY","REVIEW_NO_SAFE_PHOTO"
"34","Water Pump Impellers","COMBINE HARVESTER DIVISION","HARVESTER COMBINE 400 ENGINE BRASS IMPELLER","M-51002 / M-82202","","1174","READY","REVIEW_NO_SAFE_PHOTO"
"34","Water Pump Impellers","COMBINE HARVESTER DIVISION","HARVESTER COMBINE 400 ENGINE MEKO DESIGN PLASTIC IMPELLER","M-51002 A / M-82202 A","","494","READY","REVIEW_NO_SAFE_PHOTO"
"34","Water Pump Impellers","COMBINE HARVESTER DIVISION","HARVESTER COMBINE 3416 ENGINE BRASS IMPELLER","M-51302 / M-82402","","1253","READY","REVIEW_NO_SAFE_PHOTO"
"34","Water Pump Impellers","COMBINE HARVESTER DIVISION","HARVESTER COMBINE 3416 ENGINE MEKO DESIGN PLASTIC IMPELLER","M-51302 A / M-82402 A","","573","READY","REVIEW_NO_SAFE_PHOTO"
"34","Water Pump Impellers","D.G. GENSET DIVISION","L/L 680 COMBINE HARVESTER ENG. BRASS IMPELLER","M-50702 / M-83602","","1169","READY","REVIEW_NO_SAFE_PHOTO"
"34","Water Pump Impellers","D.G. GENSET DIVISION","L/L 680 COMBINE HARVESTER ENG. MEKO DESIGN PLASTIC IMPELLER","M-50702 A / M-83602 A","","489","READY","REVIEW_NO_SAFE_PHOTO"
"34","Water Pump Impellers","D.G. GENSET DIVISION","L/L 690 COMBINE HARVESTER ENG. BRASS IMPELLER","M-52302 / M-83802","","1295","READY","REVIEW_NO_SAFE_PHOTO"
"34","Water Pump Impellers","D.G. GENSET DIVISION","L/L 690 COMBINE HARVESTER ENG. MEKO DESIGN PLASTIC IMPELLER","M-52302 A / M-83802 A","","480","READY","REVIEW_NO_SAFE_PHOTO"
"34","Water Pump Impellers","TRACTOR DIVISION","SWARAJ 724 - 735 MEKO DESIGN PLASTIC IMPELLER ( USE W.P. SEAL M-702 U )","M-81102 / M-81302","","185","READY","REVIEW_NO_SAFE_PHOTO"
"34","Water Pump Impellers","TRACTOR DIVISION","P3 CAST IRON IMPELLER WITH CERAMIC ( USE W.P. SEAL M-704 H )","M-80102","","198","READY","REVIEW_NO_SAFE_PHOTO"
"34","Water Pump Impellers","TRACTOR DIVISION","P3 MEKO DESIGN PLASTIC IMPELLER WITH CERAMIC ( USE W.P. SEAL M-704 H )","M-80102 A","","222","READY","REVIEW_NO_SAFE_PHOTO"
"34","Water Pump Impellers","TRACTOR DIVISION","P3 MEKO DESIGN PLASTIC IMPELLER ( USE W.P. SEAL M-702 U )","M-80102 B","","185","READY","REVIEW_NO_SAFE_PHOTO"
"34","Water Pump Impellers","TRACTOR DIVISION","M/F 135 / 245 CAST IRON IMPELLER WITH CERAMIC ( USE W.P. SEAL M-704 H )","M-80302(C) / M-80402(C) / M-80502(C)","","198","READY","REVIEW_NO_SAFE_PHOTO"
"34","Water Pump Impellers","TRACTOR DIVISION","M/F 135 / 245 MEKO DESIGN PLASTIC IMPELLER WITH CERAMIC ( USE W.P. SEAL M-704 H )","M-80302 A / M-80402 A / M-80502 A","","222","READY","REVIEW_NO_SAFE_PHOTO"
"34","Water Pump Impellers","TRACTOR DIVISION","M/F 135 / 245 MEKO DESIGN PLASTIC IMPELLER ( USE W.P. SEAL M-702 U )","M-80302 B / M-80402 B / M-80502 B","","185","READY","REVIEW_NO_SAFE_PHOTO"
"34","Water Pump Impellers","TRACTOR DIVISION","INTER O/M CAST IRON IMPELLER WITH CERAMIC ( USE W.P. SEAL M-704 H )","M-80802 / M-80902","","210","READY","REVIEW_NO_SAFE_PHOTO"
"34","Water Pump Impellers","TRACTOR DIVISION","INTER O/M MEKO DESIGN PLASTIC IMPELLER WITH CERAMIC ( USE W.P. SEAL M-704 H )","M-80802 A / M-80902 A","","222","READY","REVIEW_NO_SAFE_PHOTO"
"34","Water Pump Impellers","TRACTOR DIVISION","INTER O/M MEKO DESIGN PLASTIC IMPELLER ( USE W.P. SEAL M-702 U )","M-80802 B / M-80902 B","","198","READY","REVIEW_NO_SAFE_PHOTO"
"34","Water Pump Impellers","TRACTOR DIVISION","INTER DI CAST IRON IMPELLER WITH CERAMIC ( USE W.P. SEAL M-704 H )","M-81002 ( C )","","210","READY","REVIEW_NO_SAFE_PHOTO"
"34","Water Pump Impellers","TRACTOR DIVISION","INTER DI MEKO DESIGN PLASTIC IMPELLER WITH CERAMIC ( USE W.P. SEAL M-704 H )","M-81002 A","","222","READY","REVIEW_NO_SAFE_PHOTO"
"34","Water Pump Impellers","TRACTOR DIVISION","INTER DI MEKO DESIGN PLASTIC IMPELLER ( USE W.P. SEAL M-702 U )","M-81002 B","","198","READY","REVIEW_NO_SAFE_PHOTO"
"34","Water Pump Impellers","TRACTOR DIVISION","SARPANCH MEKO DESIGN PLASTIC IMPELLER ( USE W.P. SEAL M-702 U )","M-81402","","235","READY","REVIEW_NO_SAFE_PHOTO"
"34","Water Pump Impellers","TRACTOR DIVISION","S-855 MEKO DESIGN PLASTIC IMPELLER ( USE W.P. SEAL M-702 U )","M-81802","","272","READY","REVIEW_NO_SAFE_PHOTO"
"34","Water Pump Impellers","TRACTOR DIVISION","ZETOR 5911 / 2011 MEKO DESIGN PLASTIC IMPELLER ( USE W.P. SEAL M-702 U )","M-81502","","260","READY","REVIEW_NO_SAFE_PHOTO"
"34","Water Pump Impellers","TRACTOR DIVISION","FORD 3600 / 3620 CAST IRON IMPELLER WITH CERAMIC ( USE W.P. SEAL M-704 H )","M-82002","","284","READY","REVIEW_NO_SAFE_PHOTO"
"34","Water Pump Impellers","TRACTOR DIVISION","FORD 3600 / 3620 MEKO DESIGN PLASTIC IMPELLER WITH CERAMIC ( USE W.P. SEAL M-704 H )","M-82002 A","","297","READY","REVIEW_NO_SAFE_PHOTO"
"34","Water Pump Impellers","TRACTOR DIVISION","FORD 3600 / 3620 MEKO DESIGN PLASTIC IMPELLER ( USE W.P. SEAL M-702 U )","M-82002 B","","260","READY","REVIEW_NO_SAFE_PHOTO"
"34","Water Pump Impellers","TRACTOR DIVISION","M/F P3 O/M / INTER O/M / FORD O/M","M-2803 / M-2809 / M-2820","","235","READY","REVIEW_NO_SAFE_PHOTO"
"34","Water Pump Impellers","TRACTOR DIVISION","CHECK NUT MAHINDRA","M-80909","","323","READY","REVIEW_NO_SAFE_PHOTO"
"34","Ceramics","TRACTOR DIVISION","SIZE 23 / 15 / 4 MM","M-751","","49","READY","REVIEW_NO_SAFE_PHOTO"
"34","Ceramics","TRACTOR DIVISION","SIZE 27 / 19 / 4 MM","M-752","","62","READY","REVIEW_NO_SAFE_PHOTO"