page	category	section	pn	app	mrp
34	Water Pump Impellers	MOTOR VEHICLE DIVISION	M-51402 / M-85402 / M-50402 / M-54002	697 ENGINE EURO - II  ORIGINAL TYPE PLASTIC IMPELLER ( USE W.P. SEAL M-714 U )	284
34	Water Pump Impellers	MOTOR VEHICLE DIVISION	M-51702 / M-85702	697 ENGINE TURBO EURO - III  MEKO DESIGN PLASTIC IMPELLER ( USE W.P. SEAL M-714 U )	346
34	Water Pump Impellers	MOTOR VEHICLE DIVISION	M-50802	HINO 6D	195
34	Water Pump Impellers	MOTOR VEHICLE DIVISION	M-53202 ( 75 MM )	HINO EURO - II	235
34	Water Pump Impellers	MOTOR VEHICLE DIVISION	M-53202 ( 85 MM )	HINO EURO - II	235
34	Water Pump Impellers	MOTOR VEHICLE DIVISION	M-53302	HINO EURO - III	260
34	Water Pump Impellers	MOTOR VEHICLE DIVISION	M-53802	LATEST MODEL HINO EURO - IV	284
34	Water Pump Impellers	MOTOR VEHICLE DIVISION	M-60302	TATA 407  MEKO DESIGN PLASTIC IMPELLER ( USE W.P. SEAL M-702 U )	235
34	Water Pump Impellers	MOTOR VEHICLE DIVISION	M-65002 / M-66402	TATA 407 NEW MODEL  MEKO DESIGN PLASTIC IMPELLER ( USE W.P. SEAL M-702 U )	235
34	Water Pump Impellers	MOTOR VEHICLE DIVISION	M-66502	TATA 410  MEKO DESIGN PLASTIC IMPELLER ( USE W.P. SEAL M-702 U )	247
34	Water Pump Impellers	COMBINE HARVESTER DIVISION	M-50602 / M-82102	HARVESTER COMBINE 370 ENGINE  BRASS IMPELLER	1157
34	Water Pump Impellers	COMBINE HARVESTER DIVISION	M-50602 A / M-82102 A	HARVESTER COMBINE 370 ENGINE  MEKO DESIGN PLASTIC IMPELLER	477
34	Water Pump Impellers	COMBINE HARVESTER DIVISION	M-51002 / M-82202	HARVESTER COMBINE 400 ENGINE  BRASS IMPELLER	1174
34	Water Pump Impellers	COMBINE HARVESTER DIVISION	M-51002 A / M-82202 A	HARVESTER COMBINE 400 ENGINE  MEKO DESIGN PLASTIC IMPELLER	494
34	Water Pump Impellers	COMBINE HARVESTER DIVISION	M-51302 / M-82402	HARVESTER COMBINE 3416 ENGINE  BRASS IMPELLER	1253
34	Water Pump Impellers	COMBINE HARVESTER DIVISION	M-51302 A / M-82402 A	HARVESTER COMBINE 3416 ENGINE  MEKO DESIGN PLASTIC IMPELLER	573
34	Water Pump Impellers	D.G. GENSET DIVISION	M-50702 / M-83602	L/L 680 COMBINE HARVESTER ENG. BRASS IMPELLER	1169
34	Water Pump Impellers	D.G. GENSET DIVISION	M-50702 A / M-83602 A	L/L 680 COMBINE HARVESTER ENG. MEKO DESIGN PLASTIC IMPELLER	489
34	Water Pump Impellers	D.G. GENSET DIVISION	M-52302 / M-83802	L/L 690 COMBINE HARVESTER ENG. BRASS IMPELLER	1295
34	Water Pump Impellers	D.G. GENSET DIVISION	M-52302 A / M-83802 A	L/L 690 COMBINE HARVESTER ENG. MEKO DESIGN PLASTIC IMPELLER	480
34	Water Pump Impellers	TRACTOR DIVISION	M-81102 / M-81302	SWARAJ 724 - 735  MEKO DESIGN PLASTIC IMPELLER ( USE W.P. SEAL M-702 U )	185
34	Water Pump Impellers	TRACTOR DIVISION	M-80102	P3  CAST IRON IMPELLER  WITH CERAMIC ( USE W.P. SEAL M-704 H )	198
34	Water Pump Impellers	TRACTOR DIVISION	M-80102 A	P3  MEKO DESIGN PLASTIC IMPELLER  WITH CERAMIC ( USE W.P. SEAL M-704 H )	222
34	Water Pump Impellers	TRACTOR DIVISION	M-80102 B	P3  MEKO DESIGN PLASTIC IMPELLER  ( USE W.P. SEAL M-702 U )	185
34	Water Pump Impellers	TRACTOR DIVISION	M-80302(C) / M-80402(C) / M-80502(C)	M/F 135 / 245  CAST IRON IMPELLER  WITH CERAMIC ( USE W.P. SEAL M-704 H )	198
34	Water Pump Impellers	TRACTOR DIVISION	M-80302 A / M-80402 A / M-80502 A	M/F 135 / 245  MEKO DESIGN PLASTIC IMPELLER  WITH CERAMIC ( USE W.P. SEAL M-704 H )	222
34	Water Pump Impellers	TRACTOR DIVISION	M-80302 B / M-80402 B / M-80502 B	M/F 135 / 245  MEKO DESIGN PLASTIC IMPELLER ( USE W.P. SEAL M-702 U )	185
34	Water Pump Impellers	TRACTOR DIVISION	M-80802 / M-80902	INTER O/M  CAST IRON IMPELLER WITH CERAMIC ( USE W.P. SEAL M-704 H )	210
34	Water Pump Impellers	TRACTOR DIVISION	M-80802 A / M-80902 A	INTER O/M  MEKO DESIGN PLASTIC IMPELLER WITH CERAMIC ( USE W.P. SEAL M-704 H )	222
34	Water Pump Impellers	TRACTOR DIVISION	M-80802 B / M-80902 B	INTER O/M  MEKO DESIGN PLASTIC IMPELLER ( USE W.P. SEAL M-702 U )	198
34	Water Pump Impellers	TRACTOR DIVISION	M-81002 ( C )	INTER DI  CAST IRON IMPELLER WITH CERAMIC ( USE W.P. SEAL M-704 H )	210
34	Water Pump Impellers	TRACTOR DIVISION	M-81002 A	INTER DI  MEKO DESIGN PLASTIC IMPELLER WITH CERAMIC ( USE W.P. SEAL M-704 H )	222
34	Water Pump Impellers	TRACTOR DIVISION	M-81002 B	INTER DI  MEKO DESIGN PLASTIC IMPELLER ( USE W.P. SEAL M-702 U )	198
34	Water Pump Impellers	TRACTOR DIVISION	M-81402	SARPANCH  MEKO DESIGN PLASTIC IMPELLER ( USE W.P. SEAL M-702 U )	235
34	Water Pump Impellers	TRACTOR DIVISION	M-81802	S-855  MEKO DESIGN PLASTIC IMPELLER ( USE W.P. SEAL M-702 U )	272
34	Water Pump Impellers	TRACTOR DIVISION	M-81502	ZETOR 5911 / 2011  MEKO DESIGN PLASTIC IMPELLER ( USE W.P. SEAL M-702 U )	260
34	Water Pump Impellers	TRACTOR DIVISION	M-82002	FORD 3600 / 3620  CAST IRON IMPELLER WITH CERAMIC ( USE W.P. SEAL M-704 H )	284
34	Water Pump Impellers	TRACTOR DIVISION	M-82002 A	FORD 3600 / 3620  MEKO DESIGN PLASTIC IMPELLER WITH CERAMIC ( USE W.P. SEAL M-704 H )	297
34	Water Pump Impellers	TRACTOR DIVISION	M-82002 B	FORD 3600 / 3620  MEKO DESIGN PLASTIC IMPELLER ( USE W.P. SEAL M-702 U )	260
34	Water Pump Impellers	TRACTOR DIVISION	M-2803 / M-2809 / M-2820	M/F P3 O/M / INTER O/M / FORD O/M	235
34	Water Pump Impellers	TRACTOR DIVISION	M-80909	CHECK NUT MAHINDRA	323
34	Ceramics	TRACTOR DIVISION	M-751	SIZE  23 / 15 / 4 MM	49
34	Ceramics	TRACTOR DIVISION	M-752	SIZE  27 / 19 / 4 MM	62
