sourcePage,category,application,cataloguePartNumber,mrp,sellingPrice,stock,firm,validationStatus,reviewReasons
"13","Water Pump Assemblies","GREAVES CONCRETE MIXER CIFA","M-547","","","0","India Sales","READY_FOR_REVIEW","photo_catalogue_text_extract|mrp_not_safely_paired|no_stock_in_photo_catalogue"
"13","Water Pump Assemblies","PERKINS P6 / 354 / FARGO MODEL DODGE ROCKET","M-518","","","0","India Sales","READY_FOR_REVIEW","photo_catalogue_text_extract|mrp_not_safely_paired|no_stock_in_photo_catalogue"
"13","Water Pump Assemblies","TATA HITACHI 6 CT CUMMINS ENG.","M-845 J","","","0","India Sales","READY_FOR_REVIEW","photo_catalogue_text_extract|mrp_not_safely_paired|no_stock_in_photo_catalogue"
"13","Water Pump Assemblies","MAHINDRA JCB","M-839 J","","","0","India Sales","READY_FOR_REVIEW","photo_catalogue_text_extract|mrp_not_safely_paired|no_stock_in_photo_catalogue"
"13","Water Pump Assemblies","SIMPSON S-4 LOW POSITION / ESCORT CRANE","M-649","","","0","India Sales","READY_FOR_REVIEW","photo_catalogue_text_extract|mrp_not_safely_paired|no_stock_in_photo_catalogue"
"13","Water Pump Assemblies","BEDFORD J6 DEISEL ENGINE","M-516","","","0","India Sales","READY_FOR_REVIEW","photo_catalogue_text_extract|mrp_not_safely_paired|no_stock_in_photo_catalogue"
"13","Water Pump Assemblies","BEDFORD J6 DOUBLE GROOVE PULLEY","M-537","","","0","India Sales","READY_FOR_REVIEW","photo_catalogue_text_extract|mrp_not_safely_paired|no_stock_in_photo_catalogue"
"13","Water Pump Assemblies","QHL / SIMPSON P4 LOW POSITION","M-519","","","0","India Sales","READY_FOR_REVIEW","photo_catalogue_text_extract|mrp_not_safely_paired|no_stock_in_photo_catalogue"
"13","Water Pump Assemblies","S4099237 S-4 HIGH POSITION","M-545","","","0","India Sales","READY_FOR_REVIEW","photo_catalogue_text_extract|mrp_not_safely_paired|no_stock_in_photo_catalogue"
"13","Water Pump Assemblies","JCB 40","M-556","","","0","India Sales","READY_FOR_REVIEW","photo_catalogue_text_extract|mrp_not_safely_paired|no_stock_in_photo_catalogue"
"13","Water Pump Assemblies","VOLVO EXCAVATOR 110 / 210","M 557","","","0","India Sales","READY_FOR_REVIEW","photo_catalogue_text_extract|mrp_not_safely_paired|no_stock_in_photo_catalogue"
"14","Water Pump Assemblies","TATA 410 / TATA 4SP EURO III","M-665","","","0","India Sales","READY_FOR_REVIEW","photo_catalogue_text_extract|mrp_not_safely_paired|no_stock_in_photo_catalogue"
"14","Water Pump Assemblies","TATA 407 / 608 TURBO MODEL / TATA 4 SP / SAFARI DECOR 3.0","M-650 / M-603 A","","","0","India Sales","READY_FOR_REVIEW","photo_catalogue_text_extract|mrp_not_safely_paired|no_stock_in_photo_catalogue"
"14","Water Pump Assemblies","TATA ULTRA LIGHT TRUCK","M-522","","","0","India Sales","READY_FOR_REVIEW","photo_catalogue_text_extract|mrp_not_safely_paired|no_stock_in_photo_catalogue"
"14","Water Pump Assemblies","TATA 207 DI BS IV / SUMO VICTA GOLD","M-664","","","0","India Sales","READY_FOR_REVIEW","photo_catalogue_text_extract|mrp_not_safely_paired|no_stock_in_photo_catalogue"
"14","Water Pump Assemblies","WITH HUB EICHER CANTER","M-607","","","0","India Sales","READY_FOR_REVIEW","photo_catalogue_text_extract|mrp_not_safely_paired|no_stock_in_photo_catalogue"
"14","Water Pump Assemblies","TATA 407 EURO-III HEAVY DUTY SUMO VICTA GOLD","M-664 A","","","0","India Sales","READY_FOR_REVIEW","photo_catalogue_text_extract|mrp_not_safely_paired|no_stock_in_photo_catalogue"
"14","Water Pump Assemblies","EICHER CANTER MINI","M-658","","","0","India Sales","READY_FOR_REVIEW","photo_catalogue_text_extract|mrp_not_safely_paired|no_stock_in_photo_catalogue"
"14","Water Pump Assemblies","TATA 407 EURO-III SUMO VICTA GOLD","M-664 B","","","0","India Sales","READY_FOR_REVIEW","photo_catalogue_text_extract|mrp_not_safely_paired|no_stock_in_photo_catalogue"
"14","Water Pump Assemblies","EICHER CANTER BIG LATEST MODEL","M-671","","","0","India Sales","READY_FOR_REVIEW","photo_catalogue_text_extract|mrp_not_safely_paired|no_stock_in_photo_catalogue"
"14","Water Pump Assemblies","TATA 407 EURO 4 / TATA ULTRA BS4","M-664 C","","","0","India Sales","READY_FOR_REVIEW","photo_catalogue_text_extract|mrp_not_safely_paired|no_stock_in_photo_catalogue"
"14","Water Pump Assemblies","BASE PLATE TWO PIPES IN CASTING ONLY EICHER CANTER BIG LATEST MODEL","M-671 C","","","0","India Sales","READY_FOR_REVIEW","photo_catalogue_text_extract|mrp_not_safely_paired|no_stock_in_photo_catalogue"
"14","Water Pump Assemblies","TATA 407 / 608","M-603","","","0","India Sales","READY_FOR_REVIEW","photo_catalogue_text_extract|mrp_not_safely_paired|no_stock_in_photo_catalogue"
"15","Water Pump Assemblies","EICHER CANTER 3014 / 3015 / 3016 / 1116 / 1114 PRO","M-657 C","","","0","India Sales","READY_FOR_REVIEW","photo_catalogue_text_extract|mrp_not_safely_paired|no_stock_in_photo_catalogue"
"15","Water Pump Assemblies","WITH BIG C.I HOUSING 4 THREADED HOLES ) EICHER CANTER BIG LATEST MODEL","M-671 A","","","0","India Sales","READY_FOR_REVIEW","photo_catalogue_text_extract|mrp_not_safely_paired|no_stock_in_photo_catalogue"
"15","Water Pump Assemblies","EICHER CANTER MINI LATEST MODEL 11.10 PRO","M-671 B","","","0","India Sales","READY_FOR_REVIEW","photo_catalogue_text_extract|mrp_not_safely_paired|no_stock_in_photo_catalogue"
"15","Water Pump Assemblies","EICHER JUMBO GALAXY 20.16","M-657","","","0","India Sales","READY_FOR_REVIEW","photo_catalogue_text_extract|mrp_not_safely_paired|no_stock_in_photo_catalogue"
"15","Water Pump Assemblies","EICHER JUMBO 20.5 BUS TYPE","M-657 A","","","0","India Sales","READY_FOR_REVIEW","photo_catalogue_text_extract|mrp_not_safely_paired|no_stock_in_photo_catalogue"
"15","Water Pump Assemblies","EICHER CANTER LATEST MODEL","M-657 B","","","0","India Sales","READY_FOR_REVIEW","photo_catalogue_text_extract|mrp_not_safely_paired|no_stock_in_photo_catalogue"
"15","Water Pump Assemblies","BIGGER PROFILE ) EICHER CANTER BIG LATEST MODEL","M-657 E","","","0","India Sales","READY_FOR_REVIEW","photo_catalogue_text_extract|mrp_not_safely_paired|no_stock_in_photo_catalogue"
"15","Water Pump Assemblies","WITH S.G IRON PULLEY & ALUMINIUM HOUSING EICHER NEW MODEL","M-657 D","","","0","India Sales","READY_FOR_REVIEW","photo_catalogue_text_extract|mrp_not_safely_paired|no_stock_in_photo_catalogue"
"15","Water Pump Assemblies","WITH ALUMINIUM HOUSING WITHOUT PULLEY EICHER NEW MODEL","M-657 F","","","0","India Sales","READY_FOR_REVIEW","photo_catalogue_text_extract|mrp_not_safely_paired|no_stock_in_photo_catalogue"
"15","Water Pump Assemblies","56051 510A / 1610056050E DCM TOYOTA","M-604","","","0","India Sales","READY_FOR_REVIEW","photo_catalogue_text_extract|mrp_not_safely_paired|no_stock_in_photo_catalogue"
"15","Water Pump Assemblies","ALLWIN NISSAN","M-605","","","0","India Sales","READY_FOR_REVIEW","photo_catalogue_text_extract|mrp_not_safely_paired|no_stock_in_photo_catalogue"
"15","Water Pump Assemblies","WITH 4 THREADED HOLES & 4 PLAIN HOLES ) EICHER CANTER N / M","M 671 D","","","0","India Sales","READY_FOR_REVIEW","photo_catalogue_text_extract|mrp_not_safely_paired|no_stock_in_photo_catalogue"
"16","Water Pump Assemblies","MAZDA PN-11","M-642","","","0","India Sales","READY_FOR_REVIEW","photo_catalogue_text_extract|mrp_not_safely_paired|no_stock_in_photo_catalogue"
"16","Water Pump Assemblies","7944 97034 / 401 MAHINDRA PEUGEOT","M-612","","","0","India Sales","READY_FOR_REVIEW","photo_catalogue_text_extract|mrp_not_safely_paired|no_stock_in_photo_catalogue"
"16","Water Pump Assemblies","MAHINDRA PEUGEOT XDP3 ENGINE","M-637","","","0","India Sales","READY_FOR_REVIEW","photo_catalogue_text_extract|mrp_not_safely_paired|no_stock_in_photo_catalogue"
"16","Water Pump Assemblies","MAHINDRA BOLERO PICKUP","M-638","","","0","India Sales","READY_FOR_REVIEW","photo_catalogue_text_extract|mrp_not_safely_paired|no_stock_in_photo_catalogue"
"16","Water Pump Assemblies","WITH HUB AND TUBE / GLX / XLS-ALU MAHINDRA BOLERO PICKUP","M-638 A","","","0","India Sales","READY_FOR_REVIEW","photo_catalogue_text_extract|mrp_not_safely_paired|no_stock_in_photo_catalogue"
"16","Water Pump Assemblies","SWARAJ MAZDA","M-606","","","0","India Sales","READY_FOR_REVIEW","photo_catalogue_text_extract|mrp_not_safely_paired|no_stock_in_photo_catalogue"
"16","Water Pump Assemblies","MAHINDRA NAVI STAR / MAHINDRA BLAZO / SCORPIO","M-619 B","","","0","India Sales","READY_FOR_REVIEW","photo_catalogue_text_extract|mrp_not_safely_paired|no_stock_in_photo_catalogue"
"16","Water Pump Assemblies","WITH HUB AND WITHOUT TUBE / GLX / XLS-ALU MAHINDRA BOLERO PICKUP","M-638 B","","","0","India Sales","READY_FOR_REVIEW","photo_catalogue_text_extract|mrp_not_safely_paired|no_stock_in_photo_catalogue"
"16","Water Pump Assemblies","MAHINDRA BUS NAVI STAR N/M / SCORPIO","M-619 A","","","0","India Sales","READY_FOR_REVIEW","photo_catalogue_text_extract|mrp_not_safely_paired|no_stock_in_photo_catalogue"
"16","Water Pump Assemblies","ALUM. TYPE ( 7 PK BELT PULLEY ) SIDE PIPE OPEN MAHINDRA SCORPIO S.U.V.","M-618","","","0","India Sales","READY_FOR_REVIEW","photo_catalogue_text_extract|mrp_not_safely_paired|no_stock_in_photo_catalogue"
"16","Water Pump Assemblies","CAST IRON TYPE WITH 3 PIPES MAHINDRA SCORPIO S.U.V.","M-619","","","0","India Sales","READY_FOR_REVIEW","photo_catalogue_text_extract|mrp_not_safely_paired|no_stock_in_photo_catalogue"
"16","Water Pump Assemblies","MAHINDRA XYLO D3 / D4 S.U.V. / SCORPIO","M-626","","","0","India Sales","READY_FOR_REVIEW","photo_catalogue_text_extract|mrp_not_safely_paired|no_stock_in_photo_catalogue"
"17","Water Pump Assemblies","WITH TUBE ( 5 PK BELT PULLEY ) MAHINDRA SCORPIO LOADKING TOURISTER CRDI ENG.","M-666","","","0","India Sales","READY_FOR_REVIEW","photo_catalogue_text_extract|mrp_not_safely_paired|no_stock_in_photo_catalogue"
"17","Water Pump Assemblies","SUPER 576 DI WITH TUBE IN BACK PIPE MAHINDRA SCORPIO LOADKING NON TURBO NEF ENG.","M-667","","","0","India Sales","READY_FOR_REVIEW","photo_catalogue_text_extract|mrp_not_safely_paired|no_stock_in_photo_catalogue"
"17","Water Pump Assemblies","SIDE PIPE CLOSE MAHINDRA ZOOM LOAD KING CRDI TOURISTER 25 SEAT / SCORPIO","M-626 A","","","0","India Sales","READY_FOR_REVIEW","photo_catalogue_text_extract|mrp_not_safely_paired|no_stock_in_photo_catalogue"
"17","Water Pump Assemblies","BOTH BACK PIPE & SIDE PIPE CLOSE MAHINDRA SCORPIO LOADKING 2.6 LTR TOURISTER 25 SEAT CAST IRON BODY","M-656","","","0","India Sales","READY_FOR_REVIEW","photo_catalogue_text_extract|mrp_not_safely_paired|no_stock_in_photo_catalogue"
"17","Water Pump Assemblies","MAHINDRA SCORPIO LOADKING CAST IRON BODY WITH THIN TUBE","M-656 A","","","0","India Sales","READY_FOR_REVIEW","photo_catalogue_text_extract|mrp_not_safely_paired|no_stock_in_photo_catalogue"
"17","Water Pump Assemblies","SIDE PIPE CLOSE ALUM.TYPE ( 6 PK BELT PULLEY ) MAHINDRA XYLO S.U.V. / SCORPIO","M-626 B","","","0","India Sales","READY_FOR_REVIEW","photo_catalogue_text_extract|mrp_not_safely_paired|no_stock_in_photo_catalogue"
"17","Water Pump Assemblies","SIMPSON P-4 LOW POSITION","M-611","","","0","India Sales","READY_FOR_REVIEW","photo_catalogue_text_extract|mrp_not_safely_paired|no_stock_in_photo_catalogue"
"18","Water Pump Assemblies","LATEST MODEL WITH SHORTER VENT PIPE / MOUTH BAJAJ MINIDOR","M-651 A","","","0","India Sales","READY_FOR_REVIEW","photo_catalogue_text_extract|mrp_not_safely_paired|no_stock_in_photo_catalogue"
"18","Water Pump Assemblies","N/M IDI MODEL ( SIDE PIPE CLOSE ) BAJAJ MINIDOR","M-651","","","0","India Sales","READY_FOR_REVIEW","photo_catalogue_text_extract|mrp_not_safely_paired|no_stock_in_photo_catalogue"
"18","Water Pump Assemblies","LATEST MODEL ( SIDE PIPE OPEN ) BAJAJ MINIDOR DI","M-654","","","0","India Sales","READY_FOR_REVIEW","photo_catalogue_text_extract|mrp_not_safely_paired|no_stock_in_photo_catalogue"
"18","Water Pump Assemblies","BAJAJ MINIDOR 0 / M","M-610","","","0","India Sales","READY_FOR_REVIEW","photo_catalogue_text_extract|mrp_not_safely_paired|no_stock_in_photo_catalogue"
"18","Water Pump Assemblies","12423 / F407 4397 MAHINDRA CHAMPION / FIAT PREMIER PADMINI PETROL ENG.","M-653 / M-621","","","0","India Sales","READY_FOR_REVIEW","photo_catalogue_text_extract|mrp_not_safely_paired|no_stock_in_photo_catalogue"
"18","Water Pump Assemblies","MINI VIKRAM","M-644","","","0","India Sales","READY_FOR_REVIEW","photo_catalogue_text_extract|mrp_not_safely_paired|no_stock_in_photo_catalogue"
"18","Water Pump Assemblies","VIKRAM 4 STAR CNG","M-644 A","","","0","India Sales","READY_FOR_REVIEW","photo_catalogue_text_extract|mrp_not_safely_paired|no_stock_in_photo_catalogue"
"18","Water Pump Assemblies","TATA ACE / TATA INDICA / TATA INDIGO / TATA ACE SUPER","M-647","","","0","India Sales","READY_FOR_REVIEW","photo_catalogue_text_extract|mrp_not_safely_paired|no_stock_in_photo_catalogue"
"18","Water Pump Assemblies","WITHOUT TUBE MAHINDRA MAXIMO","M-668","","","0","India Sales","READY_FOR_REVIEW","photo_catalogue_text_extract|mrp_not_safely_paired|no_stock_in_photo_catalogue"
"18","Water Pump Assemblies","LEYLAND DOST","M-670","","","0","India Sales","READY_FOR_REVIEW","photo_catalogue_text_extract|mrp_not_safely_paired|no_stock_in_photo_catalogue"
"18","Water Pump Assemblies","MAHINDRA MAXIMO LOADKING / MAHINDRA SUPRO","M-668 A","","","0","India Sales","READY_FOR_REVIEW","photo_catalogue_text_extract|mrp_not_safely_paired|no_stock_in_photo_catalogue"
"18","Water Pump Assemblies","TATA ACE MEGA HEAVY DUTY","M-647 C","","","0","India Sales","READY_FOR_REVIEW","photo_catalogue_text_extract|mrp_not_safely_paired|no_stock_in_photo_catalogue"
"19","Water Pump Assemblies","MARUTI ZEN / ESTEEM / ECCO VAN PETROL / ECCO CNG","M-634","","","0","India Sales","READY_FOR_REVIEW","photo_catalogue_text_extract|mrp_not_safely_paired|no_stock_in_photo_catalogue"
"19","Water Pump Assemblies","MAHINDRA JEETO","M-673","","","0","India Sales","READY_FOR_REVIEW","photo_catalogue_text_extract|mrp_not_safely_paired|no_stock_in_photo_catalogue"
"19","Water Pump Assemblies","ALTO / MPFI / STELO ZEN","M-635","","","0","India Sales","READY_FOR_REVIEW","photo_catalogue_text_extract|mrp_not_safely_paired|no_stock_in_photo_catalogue"
"19","Water Pump Assemblies","ALTO K 10 / MARUTI A-STAR / CIAZ / ERTIGA / CELERIO / BALENO / ZEN ESTILO / IGNIS / RITZ / SWIFT DEZIRE","M-635 A","","","0","India Sales","READY_FOR_REVIEW","photo_catalogue_text_extract|mrp_not_safely_paired|no_stock_in_photo_catalogue"
"19","Water Pump Assemblies","MARUTI 800 / VAN / GYPSY / CAR / MARUTI SUZUKI SUPER CARRY","M-620","","","0","India Sales","READY_FOR_REVIEW","photo_catalogue_text_extract|mrp_not_safely_paired|no_stock_in_photo_catalogue"
"19","Water Pump Assemblies","SWIFT DESIRE / MARUTI RITZ / BALENO","M-631","","","0","India Sales","READY_FOR_REVIEW","photo_catalogue_text_extract|mrp_not_safely_paired|no_stock_in_photo_catalogue"
"19","Water Pump Assemblies","TATA SUMO GRAND ( 2.2 LTR ) / TATA XENON","M-629","","","0","India Sales","READY_FOR_REVIEW","photo_catalogue_text_extract|mrp_not_safely_paired|no_stock_in_photo_catalogue"
"19","Water Pump Assemblies","TATA SUMO / SIERRA / SAFARI","M-624","","","0","India Sales","READY_FOR_REVIEW","photo_catalogue_text_extract|mrp_not_safely_paired|no_stock_in_photo_catalogue"
"19","Water Pump Assemblies","INDICA VISTA / INDIGO MANZA / TATA ZIST","M-630","","","0","India Sales","READY_FOR_REVIEW","photo_catalogue_text_extract|mrp_not_safely_paired|no_stock_in_photo_catalogue"
"19","Water Pump Assemblies","MARUTI CIAZ / ERTIGA DIESEL","M-631 B","","","0","India Sales","READY_FOR_REVIEW","photo_catalogue_text_extract|mrp_not_safely_paired|no_stock_in_photo_catalogue"
"19","Water Pump Assemblies","MARUTI SWIFT NEW MODEL DIESEL ENG.","M-631 A","","","0","India Sales","READY_FOR_REVIEW","photo_catalogue_text_extract|mrp_not_safely_paired|no_stock_in_photo_catalogue"
"20","Water Pump Assemblies","TATA INDIGO eCS / TATA DICOR","M-647 B","","","0","India Sales","READY_FOR_REVIEW","photo_catalogue_text_extract|mrp_not_safely_paired|no_stock_in_photo_catalogue"
"20","Water Pump Assemblies","HYUNDAI SANTRO XING","M-646","","","0","India Sales","READY_FOR_REVIEW","photo_catalogue_text_extract|mrp_not_safely_paired|no_stock_in_photo_catalogue"
"20","Water Pump Assemblies","HYUNDAI i10","M-646 B","","","0","India Sales","READY_FOR_REVIEW","photo_catalogue_text_extract|mrp_not_safely_paired|no_stock_in_photo_catalogue"
"20","Water Pump Assemblies","HYUNDAI i20 / VERNA FLUIDIC DIESEL ENG.","M-646 C","","","0","India Sales","READY_FOR_REVIEW","photo_catalogue_text_extract|mrp_not_safely_paired|no_stock_in_photo_catalogue"
"20","Water Pump Assemblies","AMBASSADOR PETROL","M-623","","","0","India Sales","READY_FOR_REVIEW","photo_catalogue_text_extract|mrp_not_safely_paired|no_stock_in_photo_catalogue"
"20","Water Pump Assemblies","AMBASSADOR HM PLUS ENG.","M-645","","","0","India Sales","READY_FOR_REVIEW","photo_catalogue_text_extract|mrp_not_safely_paired|no_stock_in_photo_catalogue"
"20","Water Pump Assemblies","CHEVROLET ENJOY","M-639 A","","","0","India Sales","READY_FOR_REVIEW","photo_catalogue_text_extract|mrp_not_safely_paired|no_stock_in_photo_catalogue"
"20","Water Pump Assemblies","CHEVROLET TAVERA","M-639","","","0","India Sales","READY_FOR_REVIEW","photo_catalogue_text_extract|mrp_not_safely_paired|no_stock_in_photo_catalogue"
"20","Water Pump Assemblies","TOYOTA ETIOS / LIVA / ALTIS DIESEL","M-652 A","","","0","India Sales","READY_FOR_REVIEW","photo_catalogue_text_extract|mrp_not_safely_paired|no_stock_in_photo_catalogue"
"20","Water Pump Assemblies","TOYOTA QUALIS","M-652","","","0","India Sales","READY_FOR_REVIEW","photo_catalogue_text_extract|mrp_not_safely_paired|no_stock_in_photo_catalogue"
"20","Water Pump Assemblies","FIAT DIESEL ENG.","M-622","","","0","India Sales","READY_FOR_REVIEW","photo_catalogue_text_extract|mrp_not_safely_paired|no_stock_in_photo_catalogue"
"20","Water Pump Assemblies","TOYOTA INNOVA","M-636","","","0","India Sales","READY_FOR_REVIEW","photo_catalogue_text_extract|mrp_not_safely_paired|no_stock_in_photo_catalogue"