listKind,section,application,cataloguePartNumber,referenceNo,size,pcsPerSet,mrp,priceToDistributors,sellingPrice,stock,firm,validationStatus,reviewReasons,sourcePdf,sourceRow
"HCV","TATA MOTORS","TATA 1510-1612, S' CAM AIR BRAKES (160 MM)","MB/NA/SM/1/STD","MB/NA/SM/1","STD","8","3310","1490","","0","","REVIEW","no_authoritative_firm_mapping","C:/Users/acer/Downloads/REGULAR HCV.pdf","4"
"HCV","TATA MOTORS","TATA 1510-1612, S' CAM AIR BRAKES (160 MM)","MB/NA/SM/1/1MM","MB/NA/SM/1","1 MM","8","3414","1536","","0","","REVIEW","no_authoritative_firm_mapping|application_forward_filled","C:/Users/acer/Downloads/REGULAR HCV.pdf","5"
"HCV","TATA MOTORS","TATA 1510-1612, S' CAM AIR BRAKES (160 MM)","MB/NA/SM/1/2MM","MB/NA/SM/1","2 MM","8","3466","1560","","0","","REVIEW","no_authoritative_firm_mapping|application_forward_filled","C:/Users/acer/Downloads/REGULAR HCV.pdf","6"
"HCV","TATA MOTORS","TATA 1510-1612 S CAM AIR BRAKES (180 MM)","MB/NA/SM/2/STD","MB/NA/SM/2","STD","8","3466","1560","","0","","REVIEW","no_authoritative_firm_mapping","C:/Users/acer/Downloads/REGULAR HCV.pdf","7"
"HCV","TATA MOTORS","TATA 1510-1612 S CAM AIR BRAKES (180 MM)","MB/NA/SM/2/1MM","MB/NA/SM/2","1 MM","8","3520","1584","","0","","REVIEW","no_authoritative_firm_mapping|application_forward_filled","C:/Users/acer/Downloads/REGULAR HCV.pdf","8"
"HCV","TATA MOTORS","TATA 1510-1612 S CAM AIR BRAKES (180 MM)","MB/NA/SM/2/2MM","MB/NA/SM/2","2 MM","8","3624","1631","","0","","REVIEW","no_authoritative_firm_mapping|application_forward_filled","C:/Users/acer/Downloads/REGULAR HCV.pdf","9"
"HCV","TATA MOTORS","TATA WORLD TRUCK PROGRAMME (200 MM )","MB/NA/WTP/1/STD","MB/NA/WTP/1","STD","8","4200","1890","","0","","REVIEW","no_authoritative_firm_mapping","C:/Users/acer/Downloads/REGULAR HCV.pdf","10"
"HCV","TATA MOTORS","TATA WORLD TRUCK PROGRAMME (200 MM )","MB/NA/WTP/1/1MM","MB/NA/WTP/1","1 MM","8","4306","1938","","0","","REVIEW","no_authoritative_firm_mapping|application_forward_filled","C:/Users/acer/Downloads/REGULAR HCV.pdf","11"
"HCV","TATA MOTORS","TATA WORLD TRUCK PROGRAMME (200 MM )","MB/NA/WTP/1/2MM","MB/NA/WTP/1","2 MM","8","4410","1985","","0","","REVIEW","no_authoritative_firm_mapping|application_forward_filled","C:/Users/acer/Downloads/REGULAR HCV.pdf","12"
"HCV","TATA MOTORS","TATA WORLD TRUCK PROGRAMME (220 MM )","MB/NA/WTP/2/STD","MB/NA/WTP/2","STD","8","4410","1985","","0","","REVIEW","no_authoritative_firm_mapping","C:/Users/acer/Downloads/REGULAR HCV.pdf","13"
"HCV","TATA MOTORS","TATA WORLD TRUCK PROGRAMME (220 MM )","MB/NA/WTP/2/1MM","MB/NA/WTP/2","1 MM","8","4516","2032","","0","","REVIEW","no_authoritative_firm_mapping|application_forward_filled","C:/Users/acer/Downloads/REGULAR HCV.pdf","14"
"HCV","TATA MOTORS","TATA WORLD TRUCK PROGRAMME (220 MM )","MB/NA/WTP/2/2MM","MB/NA/WTP/2","2 MM","8","4620","2079","","0","","REVIEW","no_authoritative_firm_mapping|application_forward_filled","C:/Users/acer/Downloads/REGULAR HCV.pdf","15"
"HCV","TATA MOTORS","TATA PRIMA (200 MM)","MB/NA/PRIMA/STD","MB/NA/PRIMA","STD","8","4254","1914","","0","","REVIEW","no_authoritative_firm_mapping","C:/Users/acer/Downloads/REGULAR HCV.pdf","16"
"HCV","TATA MOTORS","TATA PRIMA (200 MM)","MB/NA/PRIMA/1MM","MB/NA/PRIMA","1 MM","8","4410","1985","","0","","REVIEW","no_authoritative_firm_mapping|application_forward_filled","C:/Users/acer/Downloads/REGULAR HCV.pdf","17"
"HCV","TATA MOTORS","TATA PRIMA (200 MM)","MB/NA/PRIMA/2MM","MB/NA/PRIMA","2 MM","8","4516","2032","","0","","REVIEW","no_authoritative_firm_mapping|application_forward_filled","C:/Users/acer/Downloads/REGULAR HCV.pdf","18"
"HCV","TATA MOTORS","TATA BS6","MB/NA/TBS-6/STD","MB/NA/TBS-6","STD","8","4264","1919","","0","","REVIEW","no_authoritative_firm_mapping","C:/Users/acer/Downloads/REGULAR HCV.pdf","19"
"HCV","TATA MOTORS","TATA BS6","MB/NA/TBS-6/1MM","MB/NA/TBS-6","1 MM","8","4368","1966","","0","","REVIEW","no_authoritative_firm_mapping|application_forward_filled","C:/Users/acer/Downloads/REGULAR HCV.pdf","20"
"HCV","TATA MOTORS","TATA BS6","MB/NA/TBS-6/2MM","MB/NA/TBS-6","2 MM","8","4474","2013","","0","","REVIEW","no_authoritative_firm_mapping|application_forward_filled","C:/Users/acer/Downloads/REGULAR HCV.pdf","21"
"HCV","ASHOK LEYLAND","LEYLAND COMET 5 INCH (GIRLING BRAKE ASSLY)","MB/NA/AL/SM/1&2 (5"")/STD","MB/NA/AL/SM/1&2 (5"")","STD","8","2940","1323","","0","","REVIEW","no_authoritative_firm_mapping","C:/Users/acer/Downloads/REGULAR HCV.pdf","23"
"HCV","ASHOK LEYLAND","LEYLAND COMET 5 INCH (GIRLING BRAKE ASSLY)","MB/NA/AL/SM/1&2 (5"")/1MM","MB/NA/AL/SM/1&2 (5"")","1 MM","8","3046","1371","","0","","REVIEW","no_authoritative_firm_mapping|application_forward_filled","C:/Users/acer/Downloads/REGULAR HCV.pdf","24"
"HCV","ASHOK LEYLAND","LEYLAND COMET 5 INCH (GIRLING BRAKE ASSLY)","MB/NA/AL/SM/1&2 (5"")/2MM","MB/NA/AL/SM/1&2 (5"")","2 MM","8","3150","1418","","0","","REVIEW","no_authoritative_firm_mapping|application_forward_filled","C:/Users/acer/Downloads/REGULAR HCV.pdf","25"
"HCV","ASHOK LEYLAND","LEYLAND COMET 6 INCH (GIRLING BRAKE ASSLY)","MB/NA/AL/SM/7&8 (6"")/STD","MB/NA/AL/SM/7&8 (6"")","STD","8","3310","1490","","0","","REVIEW","no_authoritative_firm_mapping","C:/Users/acer/Downloads/REGULAR HCV.pdf","26"
"HCV","ASHOK LEYLAND","LEYLAND COMET 6 INCH (GIRLING BRAKE ASSLY)","MB/NA/AL/SM/7&8 (6"")/1MM","MB/NA/AL/SM/7&8 (6"")","1 MM","8","3414","1536","","0","","REVIEW","no_authoritative_firm_mapping|application_forward_filled","C:/Users/acer/Downloads/REGULAR HCV.pdf","27"
"HCV","ASHOK LEYLAND","LEYLAND COMET 6 INCH (GIRLING BRAKE ASSLY)","MB/NA/AL/SM/7&8 (6"")/2MM","MB/NA/AL/SM/7&8 (6"")","2 MM","8","3466","1560","","0","","REVIEW","no_authoritative_firm_mapping|application_forward_filled","C:/Users/acer/Downloads/REGULAR HCV.pdf","28"
"HCV","ASHOK LEYLAND","LEYLAND COMET 7 INCH (GIRLING BRAKE ASSLY)","MB/NA/AL/SM/3&4 (7"")/STD","MB/NA/AL/SM/3&4 (7"")","STD","8","3466","1560","","0","","REVIEW","no_authoritative_firm_mapping","C:/Users/acer/Downloads/REGULAR HCV.pdf","29"
"HCV","ASHOK LEYLAND","LEYLAND COMET 7 INCH (GIRLING BRAKE ASSLY)","MB/NA/AL/SM/3&4 (7"")/1MM","MB/NA/AL/SM/3&4 (7"")","1 MM","8","3570","1607","","0","","REVIEW","no_authoritative_firm_mapping|application_forward_filled","C:/Users/acer/Downloads/REGULAR HCV.pdf","30"
"HCV","ASHOK LEYLAND","LEYLAND COMET 7 INCH (GIRLING BRAKE ASSLY)","MB/NA/AL/SM/3&4 (7"")/2MM","MB/NA/AL/SM/3&4 (7"")","2 MM","8","3624","1631","","0","","REVIEW","no_authoritative_firm_mapping|application_forward_filled","C:/Users/acer/Downloads/REGULAR HCV.pdf","31"
"HCV","ASHOK LEYLAND","ASHOK LEYLAND HLP LINER 6 INCH","MB/NA/AL/HLP/7&8 (6"")/STD","MB/NA/AL/HLP/7&8 (6"")","STD","8","3570","1607","","0","","REVIEW","no_authoritative_firm_mapping","C:/Users/acer/Downloads/REGULAR HCV.pdf","32"
"HCV","ASHOK LEYLAND","ASHOK LEYLAND HLP LINER 6 INCH","MB/NA/AL/HLP/7&8 (6"")/1MM","MB/NA/AL/HLP/7&8 (6"")","1 MM","8","3676","1654","","0","","REVIEW","no_authoritative_firm_mapping|application_forward_filled","C:/Users/acer/Downloads/REGULAR HCV.pdf","33"
"HCV","ASHOK LEYLAND","ASHOK LEYLAND HLP LINER 6 INCH","MB/NA/AL/HLP/7&8 (6"")/2MM","MB/NA/AL/HLP/7&8 (6"")","2 MM","8","3780","1701","","0","","REVIEW","no_authoritative_firm_mapping|application_forward_filled","C:/Users/acer/Downloads/REGULAR HCV.pdf","34"
"HCV","ASHOK LEYLAND","ASHOK LEYLAND HLP LINER 7 INCH","MB/NA/AL/HLP/3&4 (7"")/STD","MB/NA/AL/HLP/3&4 (7"")","STD","8","3676","1654","","0","","REVIEW","no_authoritative_firm_mapping","C:/Users/acer/Downloads/REGULAR HCV.pdf","35"
"HCV","ASHOK LEYLAND","ASHOK LEYLAND HLP LINER 7 INCH","MB/NA/AL/HLP/3&4 (7"")/1MM","MB/NA/AL/HLP/3&4 (7"")","1 MM","8","3780","1701","","0","","REVIEW","no_authoritative_firm_mapping|application_forward_filled","C:/Users/acer/Downloads/REGULAR HCV.pdf","36"
"HCV","ASHOK LEYLAND","ASHOK LEYLAND HLP LINER 7 INCH","MB/NA/AL/HLP/3&4 (7"")/2MM","MB/NA/AL/HLP/3&4 (7"")","2 MM","8","3886","1749","","0","","REVIEW","no_authoritative_firm_mapping|application_forward_filled","C:/Users/acer/Downloads/REGULAR HCV.pdf","37"
"HCV","ASHOK LEYLAND","ASHOK LEYLAND HLP LINER 8 INCH","MB/NA/AL/HLP/10&11 (8"")/STD","MB/NA/AL/HLP/10&11 (8"")","STD","8","3990","1796","","0","","REVIEW","no_authoritative_firm_mapping","C:/Users/acer/Downloads/REGULAR HCV.pdf","38"
"HCV","ASHOK LEYLAND","ASHOK LEYLAND HLP LINER 8 INCH","MB/NA/AL/HLP/10&11 (8"")/1MM","MB/NA/AL/HLP/10&11 (8"")","1 MM","8","4096","1843","","0","","REVIEW","no_authoritative_firm_mapping|application_forward_filled","C:/Users/acer/Downloads/REGULAR HCV.pdf","39"
"HCV","ASHOK LEYLAND","ASHOK LEYLAND HLP LINER 8 INCH","MB/NA/AL/HLP/10&11 (8"")/2MM","MB/NA/AL/HLP/10&11 (8"")","2 MM","8","4200","1890","","0","","REVIEW","no_authoritative_firm_mapping|application_forward_filled","C:/Users/acer/Downloads/REGULAR HCV.pdf","40"
"HCV","BHARAT BENZ","BHARAT BENZ","MB/NA/TB/1/STD","MB/NA/TB/1","STD","8","5214","2346","","0","","REVIEW","no_authoritative_firm_mapping","C:/Users/acer/Downloads/REGULAR HCV.pdf","42"
"HCV","BHARAT BENZ","BHARAT BENZ","MB/NA/TB/1/1MM","MB/NA/TB/1","1 MM","8","5564","2504","","0","","REVIEW","no_authoritative_firm_mapping|application_forward_filled","C:/Users/acer/Downloads/REGULAR HCV.pdf","43"
"HCV","BHARAT BENZ","BHARAT BENZ","MB/NA/TB/1/2MM","MB/NA/TB/1","2 MM","8","6196","2788","","0","","REVIEW","no_authoritative_firm_mapping|application_forward_filled","C:/Users/acer/Downloads/REGULAR HCV.pdf","44"
"HCV","BHARAT BENZ","BHARAT BENZ","MB/NA/TB/2/STD","MB/NA/TB/2","STD","8","5600","2520","","0","","REVIEW","no_authoritative_firm_mapping","C:/Users/acer/Downloads/REGULAR HCV.pdf","45"
"HCV","BHARAT BENZ","BHARAT BENZ","MB/NA/TB/2/1MM","MB/NA/TB/2","1 MM","8","6616","2977","","0","","REVIEW","no_authoritative_firm_mapping|application_forward_filled","C:/Users/acer/Downloads/REGULAR HCV.pdf","46"
"HCV","BHARAT BENZ","BHARAT BENZ","MB/NA/TB/2/2MM","MB/NA/TB/2","2 MM","8","7246","3261","","0","","REVIEW","no_authoritative_firm_mapping|application_forward_filled","C:/Users/acer/Downloads/REGULAR HCV.pdf","47"
"HCV","EICHER MOTOR","EICHER MOTOR","MB/NA/EICHER(14 HOLE)/STD","MB/NA/EICHER(14 HOLE)","STD","8","5250","2363","","0","","REVIEW","no_authoritative_firm_mapping","C:/Users/acer/Downloads/REGULAR HCV.pdf","49"
"HCV","EICHER MOTOR","EICHER MOTOR","MB/NA/EICHER(14 HOLE)/1MM","MB/NA/EICHER(14 HOLE)","1 MM","8","5356","2410","","0","","REVIEW","no_authoritative_firm_mapping|application_forward_filled","C:/Users/acer/Downloads/REGULAR HCV.pdf","50"
"HCV","EICHER MOTOR","EICHER MOTOR","MB/NA/EICHER(14 HOLE)/2MM","MB/NA/EICHER(14 HOLE)","2 MM","8","5460","2457","","0","","REVIEW","no_authoritative_firm_mapping|application_forward_filled","C:/Users/acer/Downloads/REGULAR HCV.pdf","51"
"HCV","ASIA MOTOR WORKS (AMW)","AMW - 14 HOLES","MB/NA/AMW R1/STD","MB/NA/AMW R1","STD","8","4096","1843","","0","","REVIEW","no_authoritative_firm_mapping","C:/Users/acer/Downloads/REGULAR HCV.pdf","53"
"HCV","ASIA MOTOR WORKS (AMW)","AMW - 14 HOLES","MB/NA/AMW R1/1MM","MB/NA/AMW R1","1 MM","8","4154","1869","","0","","REVIEW","no_authoritative_firm_mapping|application_forward_filled","C:/Users/acer/Downloads/REGULAR HCV.pdf","54"
"HCV","ASIA MOTOR WORKS (AMW)","AMW - 14 HOLES","MB/NA/AMW R1/2MM","MB/NA/AMW R1","2 MM","8","4230","1904","","0","","REVIEW","no_authoritative_firm_mapping|application_forward_filled","C:/Users/acer/Downloads/REGULAR HCV.pdf","55"
"HCV","TRAILER AXLE","YORK AXLES 12 HOLES","MB/NA/YORK 4515/STD","MB/NA/YORK 4515","STD","8","3678","1655","","0","","REVIEW","no_authoritative_firm_mapping","C:/Users/acer/Downloads/REGULAR HCV.pdf","57"
"HCV","TRAILER AXLE","YORK AXLES 12 HOLES","MB/NA/YORK 4515/1MM","MB/NA/YORK 4515","1 MM","8","3780","1701","","0","","REVIEW","no_authoritative_firm_mapping|application_forward_filled","C:/Users/acer/Downloads/REGULAR HCV.pdf","58"
"HCV","TRAILER AXLE","YORK AXLES 12 HOLES","MB/NA/YORK 4515/2MM","MB/NA/YORK 4515","2 MM","8","3886","1749","","0","","REVIEW","no_authoritative_firm_mapping|application_forward_filled","C:/Users/acer/Downloads/REGULAR HCV.pdf","59"
"HCV","TRAILER AXLE","FUWA AXLES 16 HOLES","MB/NA/FUWA 4515/STD","MB/NA/FUWA 4515","STD","8","3676","1654","","0","","REVIEW","no_authoritative_firm_mapping","C:/Users/acer/Downloads/REGULAR HCV.pdf","60"
"HCV","TRAILER AXLE","FUWA AXLES 16 HOLES","MB/NA/FUWA 4515/1MM","MB/NA/FUWA 4515","1 MM","8","3780","1701","","0","","REVIEW","no_authoritative_firm_mapping|application_forward_filled","C:/Users/acer/Downloads/REGULAR HCV.pdf","61"
"HCV","TRAILER AXLE","FUWA AXLES 16 HOLES","MB/NA/FUWA 4515/2MM","MB/NA/FUWA 4515","2 MM","8","3886","1749","","0","","REVIEW","no_authoritative_firm_mapping|application_forward_filled","C:/Users/acer/Downloads/REGULAR HCV.pdf","62"
"HCV","TRAILER AXLE","JOST AXLES 10 HOLES","MB/NA/JOST/STD","MB/NA/JOST","STD","8","3676","1654","","0","","REVIEW","no_authoritative_firm_mapping","C:/Users/acer/Downloads/REGULAR HCV.pdf","63"
"HCV","TRAILER AXLE","JOST AXLES 10 HOLES","MB/NA/JOST/1MM","MB/NA/JOST","1 MM","8","3780","1701","","0","","REVIEW","no_authoritative_firm_mapping|application_forward_filled","C:/Users/acer/Downloads/REGULAR HCV.pdf","64"
"HCV","TRAILER AXLE","JOST AXLES 10 HOLES","MB/NA/JOST/2MM","MB/NA/JOST","2 MM","8","3886","1749","","0","","REVIEW","no_authoritative_firm_mapping|application_forward_filled","C:/Users/acer/Downloads/REGULAR HCV.pdf","65"
"HCV","EXPORT","MAN TRUCK","MB/NA/MAN/STD","MB/NA/MAN","STD","8","4620","2079","","0","","REVIEW","no_authoritative_firm_mapping","C:/Users/acer/Downloads/REGULAR HCV.pdf","67"
"HCV","EXPORT","MAN TRUCK","MB/NA/MAN/1MM","MB/NA/MAN","1 MM","8","4726","2127","","0","","REVIEW","no_authoritative_firm_mapping|application_forward_filled","C:/Users/acer/Downloads/REGULAR HCV.pdf","68"
"HCV","EXPORT","MAN TRUCK","MB/NA/MAN/2MM","MB/NA/MAN","2 MM","8","4830","2174","","0","","REVIEW","no_authoritative_firm_mapping|application_forward_filled","C:/Users/acer/Downloads/REGULAR HCV.pdf","69"
"HCV","EXPORT","HINO MOTOR FRONT","MB/NA/HM/FRONT STD/STD","MB/NA/HM/FRONT STD","STD","8","4780","2151","","0","","REVIEW","no_authoritative_firm_mapping","C:/Users/acer/Downloads/REGULAR HCV.pdf","70"
"HCV","EXPORT","HINO MOTOR FRONT","MB/NA/HM/FRONT STD/1MM","MB/NA/HM/FRONT STD","1 MM","8","4884","2198","","0","","REVIEW","no_authoritative_firm_mapping|application_forward_filled","C:/Users/acer/Downloads/REGULAR HCV.pdf","71"
"HCV","EXPORT","HINO MOTOR FRONT","MB/NA/HM/FRONT STD/2MM","MB/NA/HM/FRONT STD","2 MM","8","4990","2246","","0","","REVIEW","no_authoritative_firm_mapping|application_forward_filled","C:/Users/acer/Downloads/REGULAR HCV.pdf","72"
"HCV","EXPORT","HINO MOTOR REAR","MB/NA/HM/REAR STD/STD","MB/NA/HM/REAR STD","STD","8","5420","2439","","0","","REVIEW","no_authoritative_firm_mapping","C:/Users/acer/Downloads/REGULAR HCV.pdf","73"
"HCV","EXPORT","HINO MOTOR REAR","MB/NA/HM/REAR STD/1MM","MB/NA/HM/REAR STD","1 MM","8","5524","2486","","0","","REVIEW","no_authoritative_firm_mapping|application_forward_filled","C:/Users/acer/Downloads/REGULAR HCV.pdf","74"
"HCV","EXPORT","HINO MOTOR REAR","MB/NA/HM/REAR STD/2MM","MB/NA/HM/REAR STD","2 MM","8","5624","2531","","0","","REVIEW","no_authoritative_firm_mapping|application_forward_filled","C:/Users/acer/Downloads/REGULAR HCV.pdf","75"
"HCV","EXPORT","VOLVO TRUCK FMX SERIES - FRONT (14 HOLES)","MB/NA/VL 87/STD","MB/NA/VL 87","STD","8","4360","1962","","0","","REVIEW","no_authoritative_firm_mapping","C:/Users/acer/Downloads/REGULAR HCV.pdf","76"
"HCV","EXPORT","VOLVO TRUCK FMX SERIES - FRONT (14 HOLES)","MB/NA/VL 87/1MM","MB/NA/VL 87","1 MM","8","4464","2009","","0","","REVIEW","no_authoritative_firm_mapping|application_forward_filled","C:/Users/acer/Downloads/REGULAR HCV.pdf","77"
"HCV","EXPORT","VOLVO TRUCK FMX SERIES - FRONT (14 HOLES)","MB/NA/VL 87/2MM","MB/NA/VL 87","2 MM","8","4570","2057","","0","","REVIEW","no_authoritative_firm_mapping|application_forward_filled","C:/Users/acer/Downloads/REGULAR HCV.pdf","78"
"HCV","EXPORT","VOLVO TRUCK FMX SERIES - REAR (14 HOLES)","MB/NA/VL 88/STD","MB/NA/VL 88","STD","8","4654","2094","","0","","REVIEW","no_authoritative_firm_mapping","C:/Users/acer/Downloads/REGULAR HCV.pdf","79"
"HCV","EXPORT","VOLVO TRUCK FMX SERIES - REAR (14 HOLES)","MB/NA/VL 88/1MM","MB/NA/VL 88","1 MM","8","4780","2151","","0","","REVIEW","no_authoritative_firm_mapping|application_forward_filled","C:/Users/acer/Downloads/REGULAR HCV.pdf","80"
"HCV","EXPORT","VOLVO TRUCK FMX SERIES - REAR (14 HOLES)","MB/NA/VL 88/2MM","MB/NA/VL 88","2 MM","8","4884","2198","","0","","REVIEW","no_authoritative_firm_mapping|application_forward_filled","C:/Users/acer/Downloads/REGULAR HCV.pdf","81"
"HCV","BRAKE SHOE","BRAKE SHOE","BRAKE SHOE ASSEMBLY P-TYPE/STD","BRAKE SHOE ASSEMBLY P-TYPE","STD","1","3617","1628","","0","","REVIEW","no_authoritative_firm_mapping","C:/Users/acer/Downloads/REGULAR HCV.pdf","83"
"HCV","BRAKE SHOE","BRAKE SHOE","BRAKE SHOE ASSEMBLY C-TYPE/STD","BRAKE SHOE ASSEMBLY C-TYPE","STD","1","3618","1628","","0","","REVIEW","no_authoritative_firm_mapping","C:/Users/acer/Downloads/REGULAR HCV.pdf","84"
"HCV","BRAKE SHOE","BRAKE SHOE","BRAKE SHOE ASSEMBLY Q-TYPE/STD","BRAKE SHOE ASSEMBLY Q-TYPE","STD","1","3619","1629","","0","","REVIEW","no_authoritative_firm_mapping","C:/Users/acer/Downloads/REGULAR HCV.pdf","85"
"HCV","BRAKE SHOE","BRAKE SHOE","BRAKE SHOE ASSEMBLY JOST/BPW/STD","BRAKE SHOE ASSEMBLY JOST/BPW","STD","1","4083","1837","","0","","REVIEW","no_authoritative_firm_mapping","C:/Users/acer/Downloads/REGULAR HCV.pdf","86"
"HCV","DBP","VOLVO / ASHOK LAYLAND / EICHER","MB/NA/DBP-29174/STD","MB/NA/DBP-29174","STD","4","6605","2972","","0","","REVIEW","no_authoritative_firm_mapping","C:/Users/acer/Downloads/REGULAR HCV.pdf","88"
"LCV","LCV","TATA 407","MB/NA/IN 19/20/1/STD","MB/NA/IN 19/20/1","STD","4","1209","544","","0","","REVIEW","no_authoritative_firm_mapping","C:/Users/acer/Downloads/REGULAR LCV.pdf","4"
"LCV","LCV","TATA 407","MB/NA/IN 19/20/1/1MM","MB/NA/IN 19/20/1","1 MM","4","1260","567","","0","","REVIEW","no_authoritative_firm_mapping|application_forward_filled","C:/Users/acer/Downloads/REGULAR LCV.pdf","5"
"LCV","LCV","TATA 407","MB/NA/IN 19/20/1/2MM","MB/NA/IN 19/20/1","2 MM","4","1314","591","","0","","REVIEW","no_authoritative_firm_mapping|application_forward_filled","C:/Users/acer/Downloads/REGULAR LCV.pdf","6"
"LCV","LCV","TATA 608","MB/NA/IN 19/20/2/STD","MB/NA/IN 19/20/2","STD","4","1386","624","","0","","REVIEW","no_authoritative_firm_mapping","C:/Users/acer/Downloads/REGULAR LCV.pdf","7"
"LCV","LCV","TATA 608","MB/NA/IN 19/20/2/1MM","MB/NA/IN 19/20/2","1 MM","4","1419","639","","0","","REVIEW","no_authoritative_firm_mapping|application_forward_filled","C:/Users/acer/Downloads/REGULAR LCV.pdf","8"
"LCV","LCV","TATA 608","MB/NA/IN 19/20/2/2MM","MB/NA/IN 19/20/2","2 MM","4","1449","652","","0","","REVIEW","no_authoritative_firm_mapping|application_forward_filled","C:/Users/acer/Downloads/REGULAR LCV.pdf","9"
"LCV","LCV","TATA 1009 / EICHER MCV 11.10","MB/NA/T1009/STD","MB/NA/T1009","STD","4","1995","898","","0","","REVIEW","no_authoritative_firm_mapping","C:/Users/acer/Downloads/REGULAR LCV.pdf","10"
"LCV","LCV","TATA 1009 / EICHER MCV 11.10","MB/NA/T1009/1MM","MB/NA/T1009","1 MM","4","2100","945","","0","","REVIEW","no_authoritative_firm_mapping|application_forward_filled","C:/Users/acer/Downloads/REGULAR LCV.pdf","11"
"LCV","LCV","TATA 1009 / EICHER MCV 11.10","MB/NA/T1009/2MM","MB/NA/T1009","2 MM","4","2205","992","","0","","REVIEW","no_authoritative_firm_mapping|application_forward_filled","C:/Users/acer/Downloads/REGULAR LCV.pdf","12"
"LCV","LCV","TATA 909 EX / SWARAJ SAMRAT / EICHER 10.95","MB/NA/T 909/STD","MB/NA/T 909","STD","4","1510","680","","0","","REVIEW","no_authoritative_firm_mapping","C:/Users/acer/Downloads/REGULAR LCV.pdf","13"
"LCV","LCV","TATA 909 EX / SWARAJ SAMRAT / EICHER 10.95","MB/NA/T 909/1MM","MB/NA/T 909","1 MM","4","1615","727","","0","","REVIEW","no_authoritative_firm_mapping|application_forward_filled","C:/Users/acer/Downloads/REGULAR LCV.pdf","14"
"LCV","LCV","TATA 909 EX / SWARAJ SAMRAT / EICHER 10.95","MB/NA/T 909/2MM","MB/NA/T 909","2 MM","4","1720","774","","0","","REVIEW","no_authoritative_firm_mapping|application_forward_filled","C:/Users/acer/Downloads/REGULAR LCV.pdf","15"
"LCV","LCV","TATA 709 /SWARAJ SAMRAT /EICHER 10.90","MB/NA/T709/STD","MB/NA/T709","STD","4","1524","686","","0","","REVIEW","no_authoritative_firm_mapping","C:/Users/acer/Downloads/REGULAR LCV.pdf","16"
"LCV","LCV","TATA 709 /SWARAJ SAMRAT /EICHER 10.90","MB/NA/T709/1MM","MB/NA/T709","1 MM","4","1629","733","","0","","REVIEW","no_authoritative_firm_mapping|application_forward_filled","C:/Users/acer/Downloads/REGULAR LCV.pdf","17"
"LCV","LCV","TATA 709 /SWARAJ SAMRAT /EICHER 10.90","MB/NA/T709/2MM","MB/NA/T709","2 MM","4","1734","780","","0","","REVIEW","no_authoritative_firm_mapping|application_forward_filled","C:/Users/acer/Downloads/REGULAR LCV.pdf","18"
"LCV","LCV","TATA 407 /709 BS6","MB/NA/BP-407 New/STD","MB/NA/BP-407 New","STD","4","1734","780","","0","","REVIEW","no_authoritative_firm_mapping","C:/Users/acer/Downloads/REGULAR LCV.pdf","19"
"LCV","LCV","TATA 407 /709 BS6","MB/NA/BP-407 New/1MM","MB/NA/BP-407 New","1 MM","4","1839","828","","0","","REVIEW","no_authoritative_firm_mapping|application_forward_filled","C:/Users/acer/Downloads/REGULAR LCV.pdf","20"
"LCV","LCV","TATA 407 /709 BS6","MB/NA/BP-407 New/2MM","MB/NA/BP-407 New","2 MM","4","1944","875","","0","","REVIEW","no_authoritative_firm_mapping|application_forward_filled","C:/Users/acer/Downloads/REGULAR LCV.pdf","21"
"LCV","LCV","BP/909-BB9","MB/NA/BP-BB/9 (S)/STD","MB/NA/BP-BB/9 (S)","STD","4","1995","898","","0","","REVIEW","no_authoritative_firm_mapping","C:/Users/acer/Downloads/REGULAR LCV.pdf","22"
"LCV","LCV","BP/909-BB9","MB/NA/BP-BB/9 (S)/1MM","MB/NA/BP-BB/9 (S)","1 MM","4","2154","969","","0","","REVIEW","no_authoritative_firm_mapping|application_forward_filled","C:/Users/acer/Downloads/REGULAR LCV.pdf","23"
"LCV","LCV","BP/909-BB9","MB/NA/BP-BB/9 (S)/2MM","MB/NA/BP-BB/9 (S)","2 MM","4","2310","1040","","0","","REVIEW","no_authoritative_firm_mapping|application_forward_filled","C:/Users/acer/Downloads/REGULAR LCV.pdf","24"
"LCV","LCV","ASHOK LEYLAND STAG BUS/ LEYLAND LYNX SMART ( 325X140) (138MM)","MB/NA/STAG- F&R/STD","MB/NA/STAG- F&R","STD","4","2100","945","","0","","REVIEW","no_authoritative_firm_mapping","C:/Users/acer/Downloads/REGULAR LCV.pdf","25"
"LCV","LCV","ASHOK LEYLAND STAG BUS/ LEYLAND LYNX SMART ( 325X140) (138MM)","MB/NA/STAG- F&R/1MM","MB/NA/STAG- F&R","1 MM","4","2205","992","","0","","REVIEW","no_authoritative_firm_mapping|application_forward_filled","C:/Users/acer/Downloads/REGULAR LCV.pdf","26"
"LCV","LCV","ASHOK LEYLAND STAG BUS/ LEYLAND LYNX SMART ( 325X140) (138MM)","MB/NA/STAG- F&R/2MM","MB/NA/STAG- F&R","2 MM","4","2310","1040","","0","","REVIEW","no_authoritative_firm_mapping|application_forward_filled","C:/Users/acer/Downloads/REGULAR LCV.pdf","27"
"LCV","LCV","ASHOK LEYLAND E - COMET, LEYLAND MIDI, LYNX (155MM)","MB/NA/EC-155/STD","MB/NA/EC-155","STD","4","2154","969","","0","","REVIEW","no_authoritative_firm_mapping","C:/Users/acer/Downloads/REGULAR LCV.pdf","28"
"LCV","LCV","ASHOK LEYLAND E - COMET, LEYLAND MIDI, LYNX (155MM)","MB/NA/EC-155/1MM","MB/NA/EC-155","1 MM","4","2259","1017","","0","","REVIEW","no_authoritative_firm_mapping|application_forward_filled","C:/Users/acer/Downloads/REGULAR LCV.pdf","29"
"LCV","LCV","ASHOK LEYLAND E - COMET, LEYLAND MIDI, LYNX (155MM)","MB/NA/EC-155/2MM","MB/NA/EC-155","2 MM","4","2364","1064","","0","","REVIEW","no_authoritative_firm_mapping|application_forward_filled","C:/Users/acer/Downloads/REGULAR LCV.pdf","30"
"LCV","LCV","E - COMET ( 16 HOLES) / EICHER 1109","MB/NA/AL/E-COMET/STD","MB/NA/AL/E-COMET","STD","4","2520","1134","","0","","REVIEW","no_authoritative_firm_mapping","C:/Users/acer/Downloads/REGULAR LCV.pdf","31"
"LCV","LCV","E - COMET ( 16 HOLES) / EICHER 1109","MB/NA/AL/E-COMET/1MM","MB/NA/AL/E-COMET","1 MM","4","2625","1181","","0","","REVIEW","no_authoritative_firm_mapping|application_forward_filled","C:/Users/acer/Downloads/REGULAR LCV.pdf","32"
"LCV","LCV","E - COMET ( 16 HOLES) / EICHER 1109","MB/NA/AL/E-COMET/2MM","MB/NA/AL/E-COMET","2 MM","4","2730","1229","","0","","REVIEW","no_authoritative_firm_mapping|application_forward_filled","C:/Users/acer/Downloads/REGULAR LCV.pdf","33"
"LCV","LCV","SWARAJ MAZDA (GIRLING ASSLY) ,EICHER 1049,1050,1059,1070,1075 (OLD) - 12 HOLES","MB/NA/SMZ 1/STD","MB/NA/SMZ 1","STD","4","975","439","","0","","REVIEW","no_authoritative_firm_mapping","C:/Users/acer/Downloads/REGULAR LCV.pdf","34"
"LCV","LCV","SWARAJ MAZDA (GIRLING ASSLY) ,EICHER 1049,1050,1059,1070,1075 (OLD) - 12 HOLES","MB/NA/SMZ 1/1MM","MB/NA/SMZ 1","1 MM","4","1003","451","","0","","REVIEW","no_authoritative_firm_mapping|application_forward_filled","C:/Users/acer/Downloads/REGULAR LCV.pdf","35"
"LCV","LCV","SWARAJ MAZDA (GIRLING ASSLY) ,EICHER 1049,1050,1059,1070,1075 (OLD) - 12 HOLES","MB/NA/SMZ 1/2MM","MB/NA/SMZ 1","2 MM","4","1031","464","","0","","REVIEW","no_authoritative_firm_mapping|application_forward_filled","C:/Users/acer/Downloads/REGULAR LCV.pdf","36"
"LCV","LCV","SWARAJ MAZDA OLD MODEL - T SERIES/EICHER 1080,1090 (320 X 110) - 12 HOLES","MB/NA/SMZ 2/STD","MB/NA/SMZ 2","STD","4","1031","464","","0","","REVIEW","no_authoritative_firm_mapping","C:/Users/acer/Downloads/REGULAR LCV.pdf","37"
"LCV","LCV","SWARAJ MAZDA OLD MODEL - T SERIES/EICHER 1080,1090 (320 X 110) - 12 HOLES","MB/NA/SMZ 2/1MM","MB/NA/SMZ 2","1 MM","4","1115","502","","0","","REVIEW","no_authoritative_firm_mapping|application_forward_filled","C:/Users/acer/Downloads/REGULAR LCV.pdf","38"
"LCV","LCV","SWARAJ MAZDA OLD MODEL - T SERIES/EICHER 1080,1090 (320 X 110) - 12 HOLES","MB/NA/SMZ 2/2MM","MB/NA/SMZ 2","2 MM","4","1143","514","","0","","REVIEW","no_authoritative_firm_mapping|application_forward_filled","C:/Users/acer/Downloads/REGULAR LCV.pdf","39"