part_number,part_name,source_rate,selling_price,mrp,moq,uom,firm,validation_status
"1371L","DOOR LATCH ASSY. FRONT MANUAL(LH  TATA TIAGO, TIGOR","0","","","1","Pcs","Ambaji Traders","READY"
"1371R","DOOR LATCH ASSY. FRONT MANUAL-RH) TATA TIAGO, TIGO","0","","","1","Pcs","Ambaji Traders","READY"
"1372L","DOOR LATCH ASSY. REAR MANUAL LH  TATA TIAGO, TIGOR","0","","","1","Pcs","Ambaji Traders","READY"
"1887L/R","SEAT RECKLING CAR T-2/BOLERO","0","","","1","Pcs","Ambaji Traders","READY"
"2007","WINDOW REGULATOR HANDLE E-1800,E-1300 929'80","0","","","1","Pcs","Ambaji Traders","READY"
"2046","WINDOW REGULATOR HANDLE (METAL)","0","","","1","Pcs","Ambaji Traders","READY"
"2064","WINDOW REGULATOR HANDLE METAL CHROME NISSAN","0","","","1","Pcs","Ambaji Traders","READY"
"2122","INSIDE DOOR HANDLE MIDDLE GATE TOYOTA HIACE RH-20, LH-80","0","","","1","Pcs","Ambaji Traders","READY"
"2122L","INSIDE DOOR HANDLE MIDDLE GATE TOYOTA HIACE RH-20, LH-80","0","","","1","Pcs","Ambaji Traders","READY"
"2122R","INSIDE DOOR HANDLE MIDDLE GATE TOYOTA HIACE RH-20, LH-80","0","","","1","Pcs","Ambaji Traders","READY"
"2155","BACK DOOR HANDLE LOWER DOOR TOYOTA HILUX","0","","","1","PCS","Ambaji Traders","READY"
"2188","INSIDE DOOR HANDLE  (PLATE ONLY) TOYOTA HILUX RN 55/HIACE YH 50","0","","","1","PCS","Ambaji Traders","READY"
"2192","INSIDE DOOR HANDLE  (WITH OUT PLATE)  TOYOTA HILUX RN 50/ HIACE -84","0","","","1","PCS","Ambaji Traders","READY"
"2262","OUTSIDE DOOR HANDLE TOYOTA HILUX RN-55","0","","","1","PCS","Ambaji Traders","READY"
"2312","WINDOW LOCK TOYOTA HILUX  REAR","0","","","1","PCS","Ambaji Traders","READY"
"2401","INNER PULL HANDLE TOYOTA HIACE, DYNA KF 40/50 BROWN","0","","","1","PCS","Ambaji Traders","READY"
"2431","ARM REST HANDLE TOYOTA CRESSIDA MAROON","0","","","1","PCS","Ambaji Traders","READY"
"2463","GRIP ASSIST (ROOF) HANDLE (WITHOUT HANGER) TOYOTA COROLLA ETC","0","","","1","Pcs","Ambaji Traders","READY"
"2482","BONNET HANDLE M.BENZ MP4, MP5 ACTROS TRUCK","0","","","1","PCS","Ambaji Traders","READY"
"2487","BONNET HANDLE TAATRA TRUCK","0","","","1","Pcs","Ambaji Traders","READY"
"2502","DOOR LOCK KNOB TOYOTA  HILUX 25","0","","","1","PCS","Ambaji Traders","READY"
"2523","DOOR LOCK KNOB WASHER TYPE-II TOYOTA CRESSIDA","0","","","1","PCS","Ambaji Traders","READY"
"2925","BONNET HINGES TOYOTA  VENTURE KIJANG ZACE ETC.","0","","","1","Pcs","Ambaji Traders","READY"
"2955","DOOR HINGES (UPPER+ LOWER) VOLVO FH4 TRUCK","0","","","1","PCS","Ambaji Traders","READY"
"2959","DOOR HINGES MBENZ MP3 TRUCK, MEGA SPACE","-0.01","","","1","Pcs","Ambaji Traders","READY"
"2966","DOOR HINGE UPPER (LH - RH) M.BENZ MP4 ACTROS TRUCK","0","","","1","PCS","Ambaji Traders","READY"
"2967","DOOR HINGES LOWER LH-RH MBENZ MP4 ACTROS, TRUCK","-0.02","","","1","Pcs","Ambaji Traders","READY"
"3113R","DOOR LOCK ASSY TOYOTA ZACE KIJANG KF 40/50 REAR","0","","","1","Pcs","Ambaji Traders","READY"
"3113F","DOOR LOCK ASSY TOYOTA ZACE KIJANG KF 40/50 FRONT","0","","","1","Pcs","Ambaji Traders","READY"
"3113FL","DOOR LOCK ASSY TOYOTA ZACE KIJANG KF 40/50 FRONT LH","0","","","1","Pcs","Ambaji Traders","READY"
"3113FR","DOOR LOCK ASSY TOYOTA ZACE KIJANG KF 40/50 FRONT RH","0","","","1","Pcs","Ambaji Traders","READY"
"3113RL","DOOR LOCK ASSY TOYOTA ZACE KIJANG KF 40/50 REAR LH","0","","","1","Pcs","Ambaji Traders","READY"
"3113RR","DOOR LOCK ASSY TOYOTA ZACE KIJANG KF 40/50 REAR RH","0","","","1","Pcs","Ambaji Traders","READY"
"3121","DOOR LOCK ASSY TOYOTA KIJANG KF-20","0","","","1","Pcs","Ambaji Traders","READY"
"3121R","DOOR LOCK ASSY TOYOTA KIJANG KF-20 RH","0","","","1","Pcs","Ambaji Traders","READY"
"3122R","DOOR LOCK ASSY. TOYOTA CRESSIDA C/D 76~80’","0","","","1","Pcs","Ambaji Traders","READY"
"3204Y","REAR GATE HANDLE TOYOTA HILUX YELLOW","0","","","1","Pcs","Ambaji Traders","READY"
"3308","WINDOW REGULATOR ASSY. TOYOTA DYNA W-95,84~86 (BU-60)","0","","","1","Pcs","Ambaji Traders","READY"
"3310","WINDOW REGULATOR ASSY. TOYOTA  HILUX RN-85","0","","","1","Pcs","Ambaji Traders","READY"
"3310L","WINDOW REGULATOR ASSY. TOYOTA  HILUX RN-85 LH","0","","","1","Pcs","Ambaji Traders","READY"
"3310R","WINDOW REGULATOR ASSY. TOYOTA  HILUX RN-85 RH","0","","","1","Pcs","Ambaji Traders","READY"
"3316","WINDOW REGULATOR ASSY. TOYOTA HILUX RN-50/55, ‘84-86’","0","","","1","Pcs","Ambaji Traders","READY"
"3316L","WINDOW REGULATOR ASSY. TOYOTA HILUX RN-50/55, ‘84-86’ LH","0","","","1","Pcs","Ambaji Traders","READY"
"3316R","WINDOW REGULATOR ASSY. TOYOTA HILUX RN-50/55, ‘84-86 RH","0","","","1","Pcs","Ambaji Traders","READY"
"3319L","WINDOW REGULATOR ASSY. TOYOTA COROLLA 83’ AE-80 LH","0","","","1","Pcs","Ambaji Traders","READY"
"3323","WINDOW REGULATOR ASSY TOYOTA KIJANG  KE-70/KE-75/KE-85","0","","","1","Pcs","Ambaji Traders","READY"
"3323L","WINDOW REGULATOR ASSY TOYOTA KIJANG  KE-70/KE-75/KE-85 LH","0","","","1","Pcs","Ambaji Traders","READY"
"3323R","WINDOW REGULATOR ASSY TOYOTA KIJANG  KE-70/KE-75/KE-85 RH","0","","","1","Pcs","Ambaji Traders","READY"
"3333R","WINDOW REG FRONT HYUNDAI ATOZ MANUA","0","","","1","PCS","Ambaji Traders","READY"
"3334L","WINDOW REG REAR HYUNDAI ATOZ MANUAL","0","","","1","PCS","Ambaji Traders","READY"
"3334R","WINDOW REG REAR HYUNDAI ATOZ MANUA","0","","","1","PCS","Ambaji Traders","READY"
"3361R","WINDOW REGULATOR ASSY.  TOYOTA HILUX “82~89” REAR","0","","","1","Pcs","Ambaji Traders","READY"
"3385L","WINDOW REGULATOR ASSY.POWER VOLVO FL","0","","","1","Pcs","Ambaji Traders","READY"
"3385R","WINDOW REGULATOR ASSY. POWER VOLVO FR","0","","","1","Pcs","Ambaji Traders","READY"
"3475","BATTERY BOX LATCH WITH LOCK & KEYS MBENZ TRUCK","0","","","1","PCS","Ambaji Traders","READY"
"3481","BONNET LOCK MARUTI SUZUKI ERTIGA 1ST GEN (2012-2018","0","","","1","PCS","Ambaji Traders","READY"
"3550","WIPER WASHER NOZZLE SINGLE HOLE TOYOTA COROLLA","0","","","1","PCS","Ambaji Traders","READY"
"3551","WIPER WASHER NOZZLE DOUBLE HOLE  TOYOTA COROLLA","0","","","1","PCS","Ambaji Traders","READY"
"3559","BONNET ROD HOLDER CLIP (SMALL) TOYOTA COROLLA","0","","","1","PCS","Ambaji Traders","READY"
"3560","BONNET ROD HOLDER CLIP (BIG, BEND TYPE) TOYOTA COROLLA","0","","","1","PCS","Ambaji Traders","READY"
"3561","BONNET/HOOD SUPPORT ROD CLIP TOYOTA COROLLA ALTIS","0","","","1","PCS","Ambaji Traders","READY"
"3569","WIPER NOZZLE M.BENZ MP1, MP2, MP3 MP4 ACTROS TRUCK","0","","","1","PCS","Ambaji Traders","READY"
"3576","RUUBER PLUG SMALL FOR FOOT STEP (ROUND TYPE) M.BENZ MP4 ACTROS TRUCK","0","","","1","PCS","Ambaji Traders","READY"
"3578","CLIP M.BENZ MP4 ACTROS TRUCK","0","","","1","PCS","Ambaji Traders","READY"
"3583","WIPER ARM COVER (PLASTIC) M. BENZ MP4 TRUCK","0","","","1","Pcs","Ambaji Traders","READY"
"3584","PLASTIC COVER PLUG FOR LID M. BENZ MP4 TRUCK","0","","","1","PCS","Ambaji Traders","READY"
"3594","BONNET STEP HINGE BRACKET (PLASTIC) M.BENZ MP4 ACTROS TRUCK","0","","","1","PCS","Ambaji Traders","READY"
"4027","CABIN SHOCK ABSORBER TOYOTA KIJANG (QUALIS)","0","","","1","PCS","Ambaji Traders","READY"
"4029","CABIN SHOCK ABSORBER TOYOTA HILUX, FORTUNER","0","","","1","PCS","Ambaji Traders","READY"
"4132","CABLE OF REMOTE CONTROL ASSY. OF SLIDING DOOR TOYOTA QUANTUM 2006 H-200","0","","","1","PCS","Ambaji Traders","READY"
"4133","CABLE OF TRUNKLID LATCH ASSY. TOYOTA HIACE 2006 (QUANTUM) H-200","0","","","1","PCS","Ambaji Traders","READY"
"4134","CABLE OF MAIN LATCH OF SLIDING DOOR TOYOTA HIACE 2006 (QUANTUM) H-200","0","","","1","PCS","Ambaji Traders","READY"
"4135","CABLE OF SECONDARY  LATCH OF SLIDING DOOR TOYOTA HIACE 2006 (QUANTUM)  H-200","0","","","1","PCS","Ambaji Traders","READY"
"4139","CABLE OF TRUNKLID  LATCH OPENER  TOYOTA COROLLA","0","","","1","PCS","Ambaji Traders","READY"
"4169","WIRE FOR INSIDE DOOR HANDLE M.BENZ MP4 ACTROS TRUCK","0","","","1","PCS","Ambaji Traders","READY"
"4172","DOOR LATCH CABLE ONLY M.BENZ MP4 ACTROS TRUCK","0","","","1","PCS","Ambaji Traders","READY"
"4263","OUTSIDE HANDLE TOYOTA INNOVA / CAMRY-2001  FRONT BLACK","0","","","1","PCS","Ambaji Traders","READY"
"4274","OUTSIDE DOOR HANDLE  TOYOTA HILUX “98” REAR","0","","","1","Pcs","Ambaji Traders","READY"
"4311","BUMPER FOOT STEP (ALUMINIUM) MP4 ACTROS TRUCK","0","","","1","Pcs","Ambaji Traders","READY"
"4841","POWER WINDOW SWITCH TOYOTA (SINGLE) KIJANG KF40, VENTURE, ZACE","0","","","1","PCS","Ambaji Traders","READY"
"6232","DOOR LATCH ROD ONLY M.BENZ MP4 ACTROS TRUCK","0","","","1","PCS","Ambaji Traders","READY"
"7490","DOOR LOCK CYLINDER WITH KEYS M.BENZ MP4 ACTROS TRUCK","0","","","1","PCS","Ambaji Traders","READY"
"7715","DOOR LOCK ASSY TOYOTA  VENTURE REAR","0","","","1","Pcs","Ambaji Traders","READY"
"7735","TRUNKLID LATCH EYE  TOYOTA  VENTURE","0","","","1","PCS","Ambaji Traders","READY"
"7763","TRUNKLID LATCH ASSY. TOYOTA CHINEESE HIACE  INYATHI (SOUTH AFRICA)","0","","","1","PCS","Ambaji Traders","READY"
"7769","DOOR LATCH ASSY. ONLY TOYOTA COROLLA 2003,  CAMRY 2002,  HILUX 2005,  LEXUS,  ALL NEW INNOVA 03, L/C 03, PRIUS- RAV-4-2001  HIACE- H200, 2004,  4 RUNNER 2003","0","","","1","PCS","Ambaji Traders","READY"
"7782","TRUNKLID LATCH ASSY.    TOYOTA COROLLA AE-100, 110","0","","","1","PCS","Ambaji Traders","READY"
"7784","TRUNKLID LATCH ASSY. (WITH 3 RODS)  TOYOTA COROLLA","0","","","1","PCS","Ambaji Traders","READY"
"7785","TRUNKLID LATCH ASSY. WITH (2 RODS + 1 CABLE) TOYOTA COROLLA","0","","","1","PCS","Ambaji Traders","READY"
"7795","TRUNKLID LATCH ASSY. TOYOTA COROLLA","0","","","1","PCS","Ambaji Traders","READY"
"7796","TRUNKLID LATCH ASSY. TOYOTA COROLLA","0","","","1","PCS","Ambaji Traders","READY"
"8107","INSIDE DOOR HANDLE TOYOTA HILUX (DYNA TYPE)","0","","","1","Pcs","Ambaji Traders","READY"
"8147","INSIDE DOOR HANDLE TOYOTA COROLLA ALTIS “09-13”","0","","","1","PCS","Ambaji Traders","READY"
"8177","INSIDE DOOR HANDLE  TOYOTA CAMRY ‘87-91’","0","","","1","PCS","Ambaji Traders","READY"
"8181","INSIDE DOOR HANDLE (SATIN CHROME) WITH WIRE COMPLETE M.BENZ MP4 ACTROS TRUCK","0","","","1","PCS","Ambaji Traders","READY"
"8193","INSIDE DOOR HANDLE ONLY (BLACK) M.BENZ MP4 ACTROS TRUCK","0","","","1","PCS","Ambaji Traders","READY"
"8212","STEPNEY HOLDER (RETAINER) ASSY. TOYOTA FORTUNER","0","","","1","PCS","Ambaji Traders","READY"
"8359","WINDOW REGULATOR ASSY. (FRONT) POWER WITHOUT MOTOR TOYOTA COROLLA AE-100","0","","","1","PCS","Ambaji Traders","READY"
"8360","WINDOW REGULATOR ASSY. (FRONT) MANUAL TOYOTA COROLLA AE-100","0","","","1","PCS","Ambaji Traders","READY"
"8363","WINDOW REGULATOR ASSY. POWER REAR  (WITHOUT MOTOR) TOYOTA COROLLA 2009","0","","","1","PCS","Ambaji Traders","READY"
"8855","FUEL TANK CAP NON LOCKING TYPE WITH CHAIN RENAULT & VOLVO TRUCK","0","","","1","PCS","Ambaji Traders","READY"
"9065","OUTSIDE DOOR HANDLE TOYOTA  NOAH VOXY, LAND CRUISER PRADO 2007, CAMRY 2007 A) SILVER B) WHITE C) BLACK","0","","","1","PCS","Ambaji Traders","READY"
"9967","TAIL GATE LICENSE  NUMBER PLATE  TOYOTA COROLLA","0","","","1","PCS","Ambaji Traders","READY"
"10065","FRONT BUMPER TRUCK M.BENZ 1924 TRUCK","0","","","1","PCS","Ambaji Traders","READY"
"10716","HEADLIGHT BEZEL CHROME M.BENZ ACTROS MP3 TRUCK","0","","","1","PCS","Ambaji Traders","READY"
"11433","FOG LAMP COVER LH - RH M.BENZ MP4 ACTROS TRUCK","0","","","1","PCS","Ambaji Traders","READY"
"11435","FOG LAMP COVER CUT TYPE LH - RH M.BENZ MP4 ACTROS TRUCK","0","","","1","Pcs","Ambaji Traders","READY"
"12164","HEAD LAMP ASSY.  JCB BACKHOE LOADER 3CX, 4CX","0","","","1","PCS","Ambaji Traders","READY"
"12167","SQUARE HEAD LIGHT ASSY (BIG) UNIVERSAL TYPE","0","","","1","PCS","Ambaji Traders","READY"
"12168","SQUARE HEAD LIGHT ASSY (SMALL) UNIVERSAL TYPE","0","","","1","PCS","Ambaji Traders","READY"
"12504","WIPER ARM M.BENZ MP4, MP5 TRUCK","0","","","1","Pcs","Ambaji Traders","READY"
"12519R","WIPER BLADE ASSY 1*26-650MM  (BOLT TYPE) ASHOK LEYLAND 4921RH","0","","","1","Pcs","Ambaji Traders","READY"
"12523","WIPER BLADE ASSY 20-500M( BAYONET)","0","","","1","Pcs","Ambaji Traders","READY"
"15001","DEFLECTOR M,BENZ CABIN 641","0","","","1","PCS","Ambaji Traders","READY"
"15007","MUDGUARD M.BENZ 1924 TRUCK","0","","","1","PCS","Ambaji Traders","READY"
"15211","FRONT PILLAR M.BENZ 1924 TRUCK","0","","","1","PCS","Ambaji Traders","READY"
"15212","SIDE TOP PANEL M.BENZ 1924 TRUCK","0","","","1","PCS","Ambaji Traders","READY"
"15213","FRONT TOP PANEL M.BENZ 1924 TRUCK","0","","","1","PCS","Ambaji Traders","READY"
"15214","INNER PILLAR M.BENZ 1924 TRUCK","0","","","1","PCS","Ambaji Traders","READY"
"15215","FENDER WITH DOOM M.BENZ 1924 TRUCK","0","","","1","PCS","Ambaji Traders","READY"
"15403","MOTOR FOR WINDOW REGULATORS (24 VOLTS 2PINS) M.BENZ MP4 ACTROS TRUCK","0","","","1","PCS","Ambaji Traders","READY"
"15413","MOTOR WINDOW REGULATOR VOLVO FH TRUCK","0","","","1","PCS","Ambaji Traders","READY"
"16925","WIPER LINAKGE ARM M.BENZ MP4 TRUCK","0","","","1","Pcs","Ambaji Traders","READY"
"17148","FRONT GRILL METAL M.BENZ 1924 TRUCK","0","","","1","PCS","Ambaji Traders","READY"
"18709","TAIL LAMP BHARAT BENZ LED 24V","0","","","1","PCS","Ambaji Traders","READY"
"18715","TAIL LAMP ASSY LED 24V M.BENZ ACTROS TRUCK","0","","","1","PCS","Ambaji Traders","READY"
"18719","TAIL LAMP ASSY LED 24V M.BENZ TRUCK","0","","","1","PCS","Ambaji Traders","READY"
"18720","HEADLIGHT SIDE INDICATOR MITSUBISHI FUSO, BHARAT BENZ  TRUCK","0","","","1","PCS","Ambaji Traders","READY"
"18721","DOOR FLASHER INDICATOR LIGHT (SIDE LIGHT) MITSUBISHI FUSO, BHARAT BENZ TRUCK","0","","","1","PCS","Ambaji Traders","READY"
"21182 BLOCK","AIR FILTER TATA ULTRA 1100 SERIES M&M 13T CARGO ICV-100 SERIES ASHOK LEYLAND SERIES KIT","0","","","1","Kit","Ambaji Traders","READY"
"23035","WINDOW REGULATOR ASSY. (LH - RH) POWER WITH MOTOR , SWITCHES AND WIRING KIT (COMPLETE) ASHOK LEYLAND AVTR TRUCK","0","","","1","PCS","Ambaji Traders","READY"
"25016","FRONT VIEW MIRROR COVER M.BENZ ACTROS MP4, AROCS TRUCK","0","","","1","PCS","Ambaji Traders","READY"
"30166","SIDE VIEW MIRROR BENZ TRUCK CABIN 347","0","","","1","PCS","Ambaji Traders","READY"
"30191","SIDE VIEW MIRROR (UNIVERSAL TYPE) SET OF 2 PCS LH-RH LUXURY BUS","0","","","1","PCS","Ambaji Traders","READY"
"30195","SIDE VIEW MIRROR (BIG) W/ALLUMINUM BRACKET M.BENZ TRUCK CABIN 641","0","","","1","PCS","Ambaji Traders","READY"
"30196","SIDE VIEW MIRROR (SMALL) W/ALLUMINUM BRACKET M.BENZ TRUCK CABIN 641","0","","","1","PCS","Ambaji Traders","READY"
"30196 lh","SIDE VIEW MIRROR (SMALL) W/ALLUMINUM BRACKET M.BENZ TRUCK CABIN 641","0","","","1","PCS","Ambaji Traders","READY"
"30196 rh","SIDE VIEW MIRROR (SMALL) W/ALLUMINUM BRACKET M.BENZ TRUCK CABIN 641","0","","","1","PCS","Ambaji Traders","READY"
"30273","EXTERIOR MIRROR JCB 15-22 MM DIA ROD","0","","","1","Pcs","Ambaji Traders","READY"
"30313","SIDE VIEW MIRROR MOTORIZED TOYOTA COROLLA “2000”","0","","","1","PCS","Ambaji Traders","READY"
"30368","SIDE VIEW MIRROR COMPLETE MOTORIZED W/O HEATER (E-MARK) MBENZ MP3 ACTROS TRUCK","0","","","1","PCS","Ambaji Traders","READY"
"30388","SIDE VIEW MIRROR (LH-RH) LONG ARM (ELECTRIC)  M.BENZ MP4 TRUCK","0","","","1","PCS","Ambaji Traders","READY"
"30455","SIDE VIEW MIRROR (LH - RH) SUZUKI GYPSY ACE 3","0","","","1","PCS","Ambaji Traders","READY"
"30693","SUB MIRROR TOYOTA QUANTUM HIACE LH/RH","0","","","1","PCS","Ambaji Traders","READY"
"30707","SUB MIRROR BIG  LH - RH M.BENZ MP4 ACTROS TRUCK","0","","","1","PCS","Ambaji Traders","READY"
"30708","SUB MIRROR SMALL LH - RH M.BENZ MP4 ACTROS TRUCK","0","","","1","PCS","Ambaji Traders","READY"
"30725","SUB MIRROR (LH-RH) DOUBLE SIDE CHROME TOYOTA QUANTUM","0","","","1","PCS","Ambaji Traders","READY"
"30726","SUB MIRROR (LH - RH) TOYOTA AXIO","0","","","1","PCS","Ambaji Traders","READY"
"30727","SUB MIRROR (LH - RH) DOUBLE SIDE CHROME TOYOTA AXIO","0","","","1","PCS","Ambaji Traders","READY"
"30988","FAN 9' 12 VOLT (METAL BLADE & METAL BODY) UNIVERSAL TYPE","0","","","1","Pcs","Ambaji Traders","READY"
"30997","COMPLETE DOOR LOCK KIT WITH HEAVY DUTY LATCH (KIT OF 7 PCS) TATA BUS & TRUCK","0","","","1","PCS","Ambaji Traders","READY"
"32200","TAIL GATE NUMBER PLATE HANDLE TOYOTA COROLLA","0","","","1","PCS","Ambaji Traders","READY"
"32215","OUTSIDE DOOR HANDLE WITHOUT LOCK AND KEYS M.BENZ MP4 ACTROS TRUCK","0","","","1","PCS","Ambaji Traders","READY"
"32628","STORAGE BOX HANDLE M.BENZ MP5, MP4 ACTROS, AROCS, ANTOS TRUCK","0","","","1","Pcs","Ambaji Traders","READY"
"33051","FOOT STEP COVER M.BENZ MP4 ACTROS TRUCK","0","","","1","PCS","Ambaji Traders","READY"
"33063","FRONT WINDSHIELD BOTTOM SIDE COVER LH - RH TOYOTA HIACE","0","","","1","PCS","Ambaji Traders","READY"
"33065","FOOT STEP COVER SLIDING DOOR TOYOTA HIACE","0","","","1","PCS","Ambaji Traders","READY"
"33105","SLIDING DOOR LATCH ASSY. TOYOTA QUANTUM HIACE H 200 ‘2005’","0","","","1","PCS","Ambaji Traders","READY"
"33173","DOOR LATCH ASSY. EICHER PRO 1114XP, PRO 1110XPT, PRO 1110, PRO 1095XP, PRO 1095, PRO 1095T, PRO 1090, PRO 1080, PRO 1080HT, PRO 1080XPT, PRO 1080XP, PRO 1075, PRO 1055, PRO 1055 CT, PRO 1055T, PRO 1059XP, PRO 1059, PRO 1050, PRO 1112XPT, PRO 1049, PRO 2080XP, PRO 2080XPT, PRO 2095XP, PRO 2095XPT, PRO 2090, PRO 2050, PRO 2059, PRO 2059XP, PRO 2055, PRO 2055K, PRO 2055HT, PRO 2055T, PRO 2075, PRO 2095, B2070, B2075, B2090, PRO 3012, PRO 3014, PRO 2110, PRO 2110E, PRO 2110XP","0","","","1","PCS","Ambaji Traders","READY"
"33303","WINDOW  REGULATOR ASSY. TOYOTA  HIACE YH-71, RZH-104 “1990”","0","","","1","PCS","Ambaji Traders","READY"
"33382","WINDOW REGULATOR ASSY. POWER WITH MOTOR VOLVO FH TRUCK","0","","","1","PCS","Ambaji Traders","READY"
"33502","TURRET LEVER PIVOT PIN JCB","0","","","1","PCS","Ambaji Traders","READY"
"33504","BONNET STEP HINGE BRACKET (ALUMINIUM) M.BENZ MP4 ACTROS TRUCK","0","","","1","PCS","Ambaji Traders","READY"
"33518","BRACKET FOR ARM REST HANDLE M.BENZ CABIN 673","0","","","1","PCS","Ambaji Traders","READY"
"34001","SHOCK ABSORBER GAS FILLED   FRONT TOYOTA HIACE","0","","","1","PCS","Ambaji Traders","READY"
"34002","SHOCK ABSORBER GAS FILLED   REAR TOYOTA HIACE","0","","","1","PCS","Ambaji Traders","READY"
"34126","CABLE FOR TOOL BOX LOCK M.BENZ MP4 ACTROS, AXOR TRUCK","0","","","1","Pcs","Ambaji Traders","READY"
"34482","FRONT GRILL GAS SPRING LENGTH - 520 MM, STROKE - 230 MM PRESSURE  - 300 N M.BENZ MP4 ACTROS TRUCK","0","","","1","PCS","Ambaji Traders","READY"
"34496BLOCK","DICKEY SHOCKER ALTO 800 L/R","0","","","1","Set","Ambaji Traders","READY"
"34570","GRILL SHOCKER (GAS SPRING) TATA PRIMA TRUCK","0","","","1","PCS","Ambaji Traders","READY"
"34571","SEAT SHOCKER (GAS TYPE) LENGTH - 218 MM (C TO C) FORCE - 150N EARTHMOVERS (UNIVERSAL TYPE)","0","","","1","PCS","Ambaji Traders","READY"
"34574","FRONT SHOCK ABSORBER ASHOK LEYLAND FVDP 4923, 2516, 2518, U SERIES","0","","","1","PCS","Ambaji Traders","READY"
"34577","GAS SPRING WITH BRACKET CHEVROLET SPARK M300","0","","","1","PCS","Ambaji Traders","READY"
"34843","THERMO SENSOR SWITCH ESTEEM, ZEN, SWIFT (EXPORT MODEL OF ESTEEM)","0","","","1","PCS","Ambaji Traders","READY"
"35512","FOOT REST SIDE CAP/COVER  MAHINDRA  SCORPIO 1ST GEN  2ND GEN,  3RD GEN","0","","","1","Pcs","Ambaji Traders","READY"
"35630","OUTSIDE DOOR HANDLE ONLY WITHOUT BASE  WITHOUT KEY HOLE FRONT LH (SENSOR TYPE) (CHROME) MAHINDRA SCORPIO N/M","0","","","1","PCS","Ambaji Traders","READY"
"36050 FL","OUTSIDE DOOR HANDLE WITH BASE CHROME FRONT LH HYUNDAI I-20 ELITE","0","","","1","PCS","Ambaji Traders","READY"
"36108","OUTSIDE DOOR HANDLE ONLY BACK PLATE TOYOTA COROLLA","0","","","1","PCS","Ambaji Traders","READY"
"36127","OUTSIDE SLIDER TOYOTA COROLLA FRONT CHROME 1 HANDLE WITH 2 CAP WITHOUT HOLE","0","","","1","PCS","Ambaji Traders","READY"
"36128","OUTER HANDLE BLACK REAR INNOVA COROLLA 1 HANDLE WITH 2 CAP WITH HOLE","0","","","1","PCS","Ambaji Traders","READY"
"36136","OUTSIDE DOOR HANDLE WITH BASE WITH KEY HOLE FRONT RH (SENSOR TYPE) (CHROME) KIA SELTOS","0","","","1","PCS","Ambaji Traders","READY"
"36137","OUTSIDE DOOR HANDLE WITH BASE WITHOUT KEY HOLE FRONT LH (SENSOR TYPE) (CHROME) KIA SELTOS","0","","","1","PCS","Ambaji Traders","READY"
"36138","OUTSIDE DOOR HANDLE WITH BASE WITH KEY HOLE FRONT RH (SENSOR TYPE) (BLACK) KIA SELTOS","0","","","1","PCS","Ambaji Traders","READY"
"36139","OUTSIDE DOOR HANDLE WITH BASE WITHOUT KEY HOLE FRONT LH (SENSOR TYPE) (BLACK) KIA SELTOS","0","","","1","PCS","Ambaji Traders","READY"
"36140","OUTSIDE DOOR HANDLE ONLY WITHOUT BASE WITH KEY HOLE FRONT RH (SENSOR TYPE) (BLACK) KIA SONET","0","","","1","PCS","Ambaji Traders","READY"
"36141","OUTSIDE DOOR HANDLE ONLY WITHOUT BASE WITHOUT KEY HOLE FRONT LH (SENSOR TYPE) (BLACK) KIA SONET","0","","","1","PCS","Ambaji Traders","READY"
"36142","OUTSIDE DOOR HANDLE  WITH BASE WITH KEY HOLE FRONT RH (SENSOR TYPE) (BLACK) KIA SONET","0","","","1","PCS","Ambaji Traders","READY"
"36143","OUTSIDE DOOR HANDLE  WITH BASE WITHOUT KEY HOLE FRONT LH (SENSOR TYPE) (BLACK) KIA SONET","0","","","1","PCS","Ambaji Traders","READY"
"36144","OUTSIDE DOOR HANDLE ONLY WITHOUT BASE WITH KEY HOLE FRONT RH (BLACK) HYUNDAI VENUE 2026 N/M","0","","","1","PCS","Ambaji Traders","READY"
"36145","OUTSIDE DOOR HANDLE ONLY WITHOUT BASE WITHOUT KEY HOLE FRONT LH (BLACK) HYUNDAI VENUE 2026 N/M","0","","","1","PCS","Ambaji Traders","READY"
"36146","OUTSIDE DOOR HANDLE ONLY WITHOUT BASE REAR LH -  RH (BLACK) HYUNDAI VENUE 2026 N/M","0","","","1","PCS","Ambaji Traders","READY"
"36147","OUTSIDE DOOR HANDLE WITH BASE WITH KEY HOLE FRONT RH (BLACK) HYUNDAI VENUE 2026 N/M","0","","","1","PCS","Ambaji Traders","READY"
"36148","OUTSIDE DOOR HANDLE WITH BASE WITHOUT KEY HOLE FRONT LH (BLACK) HYUNDAI VENUE 2026 N/M","0","","","1","PCS","Ambaji Traders","READY"
"36149","OUTSIDE DOOR HANDLE WITH BASE REAR LH -  RH (BLACK) HYUNDAI VENUE 2026 N/M","0","","","1","PCS","Ambaji Traders","READY"
"36150","OUTSIDE DOOR HANDLE ONLY WITHOUT BASE WITH KEY HOLE FRONT RH (CHROME) HYUNDAI VERNA FLUIDIC","0","","","1","PCS","Ambaji Traders","READY"
"36151","OUTSIDE DOOR HANDLE ONLY WITHOUT BASE WITHOUT KEY HOLE FRONT LH (CHROME) HYUNDAI VERNA FLUIDIC","0","","","1","PCS","Ambaji Traders","READY"
"36152","OUTSIDE DOOR HANDLE ONLY WITHOUT BASE REAR LH -  RH (CHROME) HYUNDAI VERNA FLUIDIC","0","","","1","PCS","Ambaji Traders","READY"
"36153","OUTSIDE DOOR HANDLE WITH BASE WITH KEY HOLE FRONT RH (CHROME) HYUNDAI VERNA FLUIDIC","0","","","1","PCS","Ambaji Traders","READY"
"36154","OUTSIDE DOOR HANDLE WITH BASE WITHOUT KEY HOLE FRONT LH (CHROME) HYUNDAI VERNA FLUIDIC","0","","","1","PCS","Ambaji Traders","READY"
"36155","OUTSIDE DOOR HANDLE WITH BASE REAR LH -  RH (CHROME) HYUNDAI VERNA FLUIDIC","0","","","1","PCS","Ambaji Traders","READY"
"36156","OUTSIDE DOOR HANDLE WITH BASE WITH KEY HOLE FRONT RH (BLACK) NISSAN MICRA","0","","","1","PCS","Ambaji Traders","READY"
"36157","OUTSIDE DOOR HANDLE WITH BASE WITHOUT KEY HOLE FRONT LH, REAR LH - RH (BLACK) NISSAN MICRA","0","","","1","PCS","Ambaji Traders","READY"
"36158","OUTSIDE DOOR HANDLE ONLY WITHOUT BASE WITH KEY HOLE FRONT RH (CHROME) HYUNDAI I-10 NIOS, AURA","0","","","1","PCS","Ambaji Traders","READY"
"36161","OUTSIDE DOOR HANDLE WITH BASE WITH KEY HOLE FRONT RH (CHROME) HYUNDAI I-10 NIOS, AURA","0","","","1","PCS","Ambaji Traders","READY"
"36162","OUTSIDE DOOR HANDLE WITH BASE WITHOUT KEY HOLE FRONT LH (CHROME) HYUNDAI I-10 NIOS, AURA","0","","","1","PCS","Ambaji Traders","READY"
"36163","OUTSIDE DOOR HANDLE WITH BASE REAR LH -  RH (CHROME) HYUNDAI I-10 NIOS, AURA","0","","","1","PCS","Ambaji Traders","READY"
"36164","OUTSIDE DOOR HANDLE ONLY WITHOUT BASE WITH KEY HOLE FRONT RH (SENSOR TYPE) (BLACK) HONDA CITY","0","","","1","PCS","Ambaji Traders","READY"
"36165","OUTSIDE DOOR HANDLEONLY WITHOUT  BASE WITHOUT KEY HOLE FRONT LH (SENSOR TYPE) (BLACK) HONDA CITY","0","","","1","PCS","Ambaji Traders","READY"
"36166","OUTSIDE DOOR HANDLE ONLY WITHOUT LOCK AND KEYS DAF TRUCK","0","","","1","PCS","Ambaji Traders","READY"
"50001","GEAR SELECT CABLE FORCE TEMPO TRAVELLER BS-VI (16 SEATER)","0","","","1","PCS","Ambaji Traders","READY"
"50002","HAND BRAKE CABLE ( LENGTH-1460MM) FORCE TEMPO TRAVELLER","0","","","1","PCS","Ambaji Traders","READY"
"50006","GEAR SHIFT CABLE FORCE TEMPO TRAVELLER BS-VI (16 SEATER)","0","","","1","PCS","Ambaji Traders","READY"
"53021","DOOR HINGES ( BLACK ) BAJAJ COMPACT 3-WHEELER","0","","","1","PCS","Ambaji Traders","READY"
