partNumber,name,brand,currentPriceRaw,gstPercent,hsn,oeNumber,sourceUrl,status
"CI-1611","DIESEL FUEL CAP UNIVERSAL","CI","85 / Pcs","18","87089900","","https://onlineautohandles.com/getresult?search=honda","REVIEW"
"CI-2276","OUTSIDE DOOR HANDLE HONDA CITY","CI","0 / PCS","18","","","https://onlineautohandles.com/getresult?search=honda","REVIEW"
"CI-2535","DOOR LOCK KNOB WITH ROD HONDA CITY CAR 02 08","CI","0 / PCS","18","","","https://onlineautohandles.com/getresult?search=honda","REVIEW"
"CI-3426","BONNET LOCK T I HONDA CITY","CI","0 / PCS","18","","","https://onlineautohandles.com/getresult?search=honda","REVIEW"
"CI-4253","OUT SIDE HANDLE HONDA CITY N/M CIVIC","CI","0 / PCS","18","","","https://onlineautohandles.com/getresult?search=honda","REVIEW"
"CI-4266","OUTSIDE DOOR HANDLE REAR HONDA CITY O/M","CI","0 / PCS","18","","","https://onlineautohandles.com/getresult?search=honda","REVIEW"
"CI-4267","OUTSIDE DOOR HANDLE REAR HONDA CITY N/M CIVIC","CI","0 / PCS","18","","","https://onlineautohandles.com/getresult?search=honda","REVIEW"
"CI-4701LH","RC LOCK ASSY HONDA CITY TYPE-3","CI","91 / Pcs","18","83012000","#72120-SAA-J01Z, #72160-SAA-J01Z,.. more","https://onlineautohandles.com/getresult?search=honda","REVIEW"
"CI-4701RH","RC LOCK ASSY HONDA CITY TYPE-3","CI","91 / Pcs","18","83012000","#72120-SAA-J01Z, #72160-SAA-J01Z,.. more","https://onlineautohandles.com/getresult?search=honda","REVIEW"
"CI-4702LH","RC LOCK ASSY HONDA CIVIC","CI","1634 / Pcs","18","83012000","#72120-SNA-A21Z, #72160-SNA-A21Z, .. more","https://onlineautohandles.com/getresult?search=honda","REVIEW"
"CI-4702RH","RC LOCK ASSY HONDA CIVIC","CI","1634 / Pcs","18","83012000","#72120-SNA-A21Z, #72160-SNA-A21Z, .. more","https://onlineautohandles.com/getresult?search=honda","REVIEW"
"CI-4703LH","RC LOCK ASSY HONDA CITY TYPE-1","CI","212 / Pcs","18","83012000","","https://onlineautohandles.com/getresult?search=honda","REVIEW"
"CI-4703RH","RC LOCK ASSY HONDA CITY TYPE-1","CI","212 / Pcs","18","83012000","","https://onlineautohandles.com/getresult?search=honda","REVIEW"
"CI-4704FLH","OUTER HANDLE HONDA CITY FRONT TYPE-1","CI","968 / Pcs","18","87089900","#72140SX8F00, #72180SX8F00.. more","https://onlineautohandles.com/getresult?search=honda","REVIEW"
"CI-4704FRH","OUTER HANDLE HONDA CITY FRONT TYPE-1","CI","968 / Pcs","18","87089900","#72140SX8F00, #72180SX8F00.. more","https://onlineautohandles.com/getresult?search=honda","REVIEW"
"CI-4705RLH","OUTER HANLE HONDA CITY TYPE1 & TYPE2","CI","968 / Pcs","18","87089900","#72640SX8F10, #72680SX8F10.. more","https://onlineautohandles.com/getresult?search=honda","REVIEW"
"CI-4705RRH","OUTER HANLE HONDA CITY TYPE1 & TYPE2","CI","968 / Pcs","18","87089900","#72640SX8F10, #72680SX8F10.. more","https://onlineautohandles.com/getresult?search=honda","REVIEW"
"CI-4706FLH","OUTER HANDLE HONDA CIVIC CHROME FRONT","CI","3268 / Pcs","18","87089900","","https://onlineautohandles.com/getresult?search=honda","REVIEW"
"CI-4706FRH","OUTER HANDLE HONDA CIVIC CHROME FRONT","CI","3268 / Pcs","18","87089900","","https://onlineautohandles.com/getresult?search=honda","REVIEW"
"CI-4707RLH","OUTER HANDLE HONDA CIVIC CHROME REAR","CI","2186 / Pcs","18","87089900","","https://onlineautohandles.com/getresult?search=honda","REVIEW"
"CI-4707RRH","OUTER HANDLE HONDA CIVIC CHROME REAR","CI","2186 / Pcs","18","87089900","","https://onlineautohandles.com/getresult?search=honda","REVIEW"
"CI-4708FLH","OUTER HANDLE HONDA CIVIC BLACK FRONT","CI","2057 / Pcs","18","87089900","","https://onlineautohandles.com/getresult?search=honda","REVIEW"
"CI-4708FRH","OUTER HANDLE HONDA CIVIC BLACK FRONT","CI","2057 / Pcs","18","87089900","","https://onlineautohandles.com/getresult?search=honda","REVIEW"
"CI-4709RLH","OUTER HANDLE HONDA CIVIC BLACK REAR","CI","1936 / Pcs","18","87089900","","https://onlineautohandles.com/getresult?search=honda","REVIEW"
"CI-4709RRH","OUTER HANDLE HONDA CIVIC BLACK REAR","CI","1936 / Pcs","18","87089900","","https://onlineautohandles.com/getresult?search=honda","REVIEW"
"CI-4710RLH","WINDOW REGULATOR ASSY HONDA CITY TYPE-5 REAR","CI","1673 / PCS","18","87089900","","https://onlineautohandles.com/getresult?search=honda","REVIEW"
"CI-4710RRH","WINDOW REGULATOR ASSY HONDA CITY TYPE-5 REAR","CI","1673 / PCS","18","87089900","","https://onlineautohandles.com/getresult?search=honda","REVIEW"
"CI-4711FLH","WINDOW REGULATOR ASSY HONDA CITY TYPE-5 FRONT","CI","1673 / PCS","18","87089900","","https://onlineautohandles.com/getresult?search=honda","REVIEW"
"CI-4711FRH","WINDOW REGULATOR ASSY HONDA CITY TYPE-5 FRONT","CI","1673 / PCS","18","87089900","","https://onlineautohandles.com/getresult?search=honda","REVIEW"
"CI-4712LH","RC LOCK ASSY HONDA BRIO","CI","242 / Pcs","18","83012000","#72120-TF0-J01ZA, # 72160-TF0-013Z,.. more","https://onlineautohandles.com/getresult?search=honda","REVIEW"
"CI-4712RH","RC LOCK ASSY HONDA BRIO","CI","242 / Pcs","18","83012000","#72120-TF0-J01ZA, # 72160-TF0-013Z,.. more","https://onlineautohandles.com/getresult?search=honda","REVIEW"
"CI-4713FLH","OUTER HANDLE HONDA CITY ZX 4TH GENERATION FRONT CHROME","CI","363 / PCS","18","87089900","#72140TM0T21, #72180TM0T21.. more","https://onlineautohandles.com/getresult?search=honda","REVIEW"
"CI-4713FRH","OUTER HANDLE HONDA CITY ZX 4TH GENERATION FRONT CHROME","CI","363 / PCS","18","87089900","#72140TM0T21, #72180TM0T21.. more","https://onlineautohandles.com/getresult?search=honda","REVIEW"
"CI-4714RLH","OUTER HANDLE HONDA CITY ZX 4TH GENERATION REAR CHROME","CI","363 / PCS","18","87089900","#72640TM0T21, #72680TM0T21.. more","https://onlineautohandles.com/getresult?search=honda","REVIEW"
"CI-4714RRH","OUTER HANDLE HONDA CITY ZX 4TH GENERATION REAR CHROME","CI","363 / PCS","18","87089900","#72640TM0T21, #72680TM0T21.. more","https://onlineautohandles.com/getresult?search=honda","REVIEW"
"CI-4715RLH","RC LOCK ASSY CIVIC REAR","CI","2239 / Pcs","18","83012000","#72660-SNA-A21Z, #72620-SNA-A21Z.. more","https://onlineautohandles.com/getresult?search=honda","REVIEW"
"CI-4715RRH","RC LOCK ASSY CIVIC REAR","CI","2239 / Pcs","18","83012000","#72660-SNA-A21Z, #72620-SNA-A21Z.. more","https://onlineautohandles.com/getresult?search=honda","REVIEW"
"CI-4716","BUMPER BRACKET CITY TYPE-3 REAR","CI","194 / Set","18","87089900","","https://onlineautohandles.com/getresult?search=honda","REVIEW"
"CI-4734","OUTER HANDLE HONDA CITY ZX 4TH GENERATION FRONT","CI","212 / PCS","18","87089900","#72140TM0T21, # 72180TM0T21.. more","https://onlineautohandles.com/getresult?search=honda","REVIEW"
"CI-4735RLH","OUTER HANDLE HONDA CITY ZX 4TH GENERATION REAR","CI","212 / PCS","18","87089900","#72640TM0T21, # 72680TM0T21.. more","https://onlineautohandles.com/getresult?search=honda","REVIEW"
"CI-4735RRH","OUTER HANDLE HONDA CITY ZX 4TH GENERATION REAR","CI","212 / PCS","18","87089900","#72640TM0T21, # 72680TM0T21.. more","https://onlineautohandles.com/getresult?search=honda","REVIEW"
"CI-4741","BONNET LOCK TYPE-1 HONDA CITY","CI","307 / Pcs","18","83012000","","https://onlineautohandles.com/getresult?search=honda","REVIEW"
"CI-4761FLH","WINDOW REGULATOR ASSY HONDA CITY TYPE-3 & 4 FRONT","CI","622 / PCS","18","87089900","","https://onlineautohandles.com/getresult?search=honda","REVIEW"
"CI-4761FRH","WINDOW REGULATOR ASSY HONDA CITY TYPE-3 & 4 FRONT","CI","622 / PCS","18","87089900","","https://onlineautohandles.com/getresult?search=honda","REVIEW"
"CI-4766RLH","WINDOW REGULATOR ASSY HONDA CITY TYPE-3 & 4 REAR","CI","608 / Pcs","18","87089900","","https://onlineautohandles.com/getresult?search=honda","REVIEW"
"CI-4766RRH","WINDOW REGULATOR ASSY HONDA CITY TYPE-3 & 4 REAR","CI","608 / Pcs","18","87089900","","https://onlineautohandles.com/getresult?search=honda","REVIEW"
"CI-4767","DRIVER SIDE POWER WINDOW SWITCH CITY TYPE-3 FRONT RIGHT","CI","1349 / Pcs","18","853650","","https://onlineautohandles.com/getresult?search=honda","REVIEW"
"CI-4768","POWER WINDOW SWITCH CITY TYPE-4 FRONT RIGHT","CI","1349 / PCS","18","853650","","https://onlineautohandles.com/getresult?search=honda","REVIEW"
"CI-4769FLH","OUTER HANDLE HONDA AMAZE FRONT","CI","206 / PCS","18","87089900","","https://onlineautohandles.com/getresult?search=honda","REVIEW"
"CI-4769FRH","OUTER HANDLE HONDA AMAZE FRONT","CI","206 / PCS","18","87089900","","https://onlineautohandles.com/getresult?search=honda","REVIEW"
"CI-4770RLH","OUTER HANDLE HONDA AMAZE REAR","CI","206 / PCS","18","87089900","","https://onlineautohandles.com/getresult?search=honda","REVIEW"
"CI-4770RRH","OUTER HANDLE HONDA AMAZE REAR","CI","206 / PCS","18","87089900","","https://onlineautohandles.com/getresult?search=honda","REVIEW"
"CI-4771","GLOVE BOX LOCK MOBILIO, BRIO, AMAZE","CI","97 / Pcs","18","83012000","","https://onlineautohandles.com/getresult?search=honda","REVIEW"
"CI-4772","GLOVE BOX LOCK TYPE-5, CITY IVETEC","CI","150 / Pcs","18","83012000","","https://onlineautohandles.com/getresult?search=honda","REVIEW"
"CI-4773","GLOVE BOX LOCK BLACK AMAZE","CI","97 / Pcs","18","83012000","","https://onlineautohandles.com/getresult?search=honda","REVIEW"
"CI-4774","DOOR KNOB W/ROD HONDA CITY TYPE-3","CI","85 / Kit","18","87089900","","https://onlineautohandles.com/getresult?search=honda","REVIEW"
"CI-6313","GEAR LEVER KNOB HONDA CITY T-1,T-2(HEAVY DUTY)","CI","169 / Pcs","18","87089900","","https://onlineautohandles.com/getresult?search=honda","REVIEW"
"CI-7448","4 IN 1 STEERING LOCK KIT HONDAI A TO Z","CI","0 / KIT","18","","","https://onlineautohandles.com/getresult?search=honda","REVIEW"
"CI-7472","DASH BORD LOCK HONDA BRIO CAR ""11 C""","CI","0 / PCS","18","","","https://onlineautohandles.com/getresult?search=honda","REVIEW"
"CI-7473","DASH BORD LOCK HONDA CITY CAR","CI","0 / PCS","18","","","https://onlineautohandles.com/getresult?search=honda","REVIEW"
"CI-8160LH","RC LOCK ASSY (BEIGE) CITY TYPE-3","CI","91 / Pcs","18","83012000","","https://onlineautohandles.com/getresult?search=honda","REVIEW"
"CI-8160RH","RC LOCK ASSY (BEIGE) CITY TYPE-3","CI","91 / Pcs","18","83012000","","https://onlineautohandles.com/getresult?search=honda","REVIEW"
"CI-8161LH","RC LOCK ASSY CITY TYPE-4,TYPE-5","CI","152 / Pcs","18","83012000","#72120-TM0-T21, #72160-TM0-T21,#72620-TM0-T21,#726.. more","https://onlineautohandles.com/getresult?search=honda","REVIEW"
"CI-8161RH","RC LOCK ASSY CITY TYPE-4,TYPE-5","CI","152 / Pcs","18","83012000","#72120-TM0-T21, #72160-TM0-T21,#72620-TM0-T21,#726.. more","https://onlineautohandles.com/getresult?search=honda","REVIEW"
"CI-8318","WINDOW REGULATOR ASSY.(REAR ) TYPE 3 HONDA CITY","CI","0 / PCS","18","","","https://onlineautohandles.com/getresult?search=honda","REVIEW"
"CI-8335","WINDOW REGULATOR ASSY. (FRONT) TYPE 3 HONDA CITY","CI","0 / PCS","18","","","https://onlineautohandles.com/getresult?search=honda","REVIEW"
"CI-8356","WINDOW REGULATOR ASSY. FRONT HONDA CITY 2002","CI","0 / PCS","18","","","https://onlineautohandles.com/getresult?search=honda","REVIEW"
"CI-8357","WINDOW REGULATOR ASSY. REAR HONDA CITY 2002","CI","0 / PCS","18","","","https://onlineautohandles.com/getresult?search=honda","REVIEW"
"CI-8804","OIL CAP MOBILIO, BRIO, AMAZE","CI","32 / Pcs","18","87089900","","https://onlineautohandles.com/getresult?search=honda","REVIEW"
"CI-9039","OUTSIDE DOOR HANDLE WITH KEY HOLE HONDA BRIO 2011 C","CI","0 / PCS","18","","","https://onlineautohandles.com/getresult?search=honda","REVIEW"
"CI-9040","OUTSIDE DOOR HANDLE WITHOUT KEY HOLE HONDA BRIO 2011 C","CI","0 / PCS","18","","","https://onlineautohandles.com/getresult?search=honda","REVIEW"
"CI-9066FLH","OUTER HANDLE HONDA CITY 5TH GENERATION FRONT","CI","424 / PCS","18","87089900","","https://onlineautohandles.com/getresult?search=honda","REVIEW"
"CI-9066FRH","OUTER HANDLE HONDA CITY 5TH GENERATION FRONT","CI","424 / PCS","18","87089900","","https://onlineautohandles.com/getresult?search=honda","REVIEW"
"CI-9067RLH","OUTER HANDLE HONDA CITY 5TH GENERATION REAR","CI","424 / PCS","18","87089900","","https://onlineautohandles.com/getresult?search=honda","REVIEW"
"CI-9067RRH","OUTER HANDLE HONDA CITY 5TH GENERATION REAR","CI","424 / PCS","18","87089900","","https://onlineautohandles.com/getresult?search=honda","REVIEW"
"CI-9933","RELAY AC, RADIATOR, FAN, LIGHTS UNIVERSAL","CI","385 / Pcs","18","853650","","https://onlineautohandles.com/getresult?search=honda","REVIEW"
"CI-9959","BATTERY TERMINAL BRASS (800GRAM PER DOZEN) NEG-PT BHARAT BENZ ( DISCON )","CI","1500 / Doz","18","853650","","https://onlineautohandles.com/getresult?search=honda","REVIEW"
"CI-9960","BATTARY TERMINAL BRASS (850GRAM PER DOZEN) NEG-PT BHARAT BENZ ( DISCON )","CI","1598 / Doz","18","853650","","https://onlineautohandles.com/getresult?search=honda","REVIEW"
"CI-9961","BATTERY TERMINAL BRASS (900GRAM PER DOZEN) NEG-PT BHARAT BENZ","CI","1683 / Doz","18","853650","","https://onlineautohandles.com/getresult?search=honda","REVIEW"
"CI-9962","BATTERY TERMINAL BRASS (1000GRAM PER DOZEN) NEG-PT BHARAT BENZ UNIVERSAL","CI","1939 / Doz","18","853650","","https://onlineautohandles.com/getresult?search=honda","REVIEW"
"CI-9963","BATTERY TERMINAL BRASS (1100GRAM PER DOZEN) NEG-P BHARAT BENZ UNIVERSAL ( DISCON )","CI","0 / PCS","18","853650","","https://onlineautohandles.com/getresult?search=honda","REVIEW"
"CI-11239","BUMPER BRACKET REAR HONDA CITY TYPE 3","CI","0 / PCS","18","87089900","","https://onlineautohandles.com/getresult?search=honda","REVIEW"
"CI-11246","BUMPER BRACKET FRONT CITY TYPE-3 ZX","CI","182 / Set","18","87089900","","https://onlineautohandles.com/getresult?search=honda","REVIEW"
"CI-11247","BUMPER BRACKET REAR CITY TYPE-3, TYPE-4","CI","464 / SET","18","87089900","","https://onlineautohandles.com/getresult?search=honda","REVIEW"
"CI-11248","BUMPER BRACKET IVTEC CITY TYPE-5 REAR","CI","545 / Set","18","87089900","","https://onlineautohandles.com/getresult?search=honda","REVIEW"
"CI-11249","BUMPER BRACKET IDTEC AMAZE REAR","CI","605 / Set","18","87089900","","https://onlineautohandles.com/getresult?search=honda","REVIEW"
"CI-11254","BUMPER BRACKET CITY REAR IDTEC CITY TYPE-7","CI","640 / Set","18","87089900","","https://onlineautohandles.com/getresult?search=honda","REVIEW"
"CI-11256","BUMPER BRACKET FRONT HONDA CITY IVTECH TYPE-5","CI","800 / SET","18","87089900","","https://onlineautohandles.com/getresult?search=honda","REVIEW"
"CI-11257","BUMPER BRACKET AMAZE","CI","230 / Set","18","87089900","","https://onlineautohandles.com/getresult?search=honda","REVIEW"
"CI-11283","BUMPER BRACKET HONDA AMAZE TYPE-3 (SET OF 2 PCS LH-RH)","CI","0 / PCS","18","","","https://onlineautohandles.com/getresult?search=honda","REVIEW"
"CI-11419","FOG LAMP COVER WITH LAMP HOLE HONDA CITY TYPE-7","CI","450 / SET","18","87089900","#71102T9DK50.. more","https://onlineautohandles.com/getresult?search=honda","REVIEW"
"CI-11420","FOG LAMP COVER PLAIN HONDA CITY TYPE-7","CI","400 / SET","18","87089900","#71102T9AT00.. more","https://onlineautohandles.com/getresult?search=honda","REVIEW"
"CI-11422","FOG LAMP COVER WITH HOLE ( LH+RH) SET OF 2 PCS HONDA CITY TYPE-6","CI","125 / SET","18","87089900","","https://onlineautohandles.com/getresult?search=honda","REVIEW"
"CI-11423","FOG LAMP COVER WITH HOLE ( LH+RH) SET OF 2 PCS HONDA AMAZE TYPE-2","CI","425 / SET","18","87089900","","https://onlineautohandles.com/getresult?search=honda","REVIEW"
"CI-11425","FOG LAMP COVER PLAIN ( LH+RH) SET OF 2 PCS HONDA AMAZE TYPE-2","CI","400 / SET","18","87089900","","https://onlineautohandles.com/getresult?search=honda","REVIEW"
"CI-15301","12 VOLT HORN TT, 95MM","CI","300 / PCS","18","853650","","https://onlineautohandles.com/getresult?search=honda","REVIEW"
"CI-15302","12 VOLT HORN M-100 BLACK","CI","246 / PCS","18","853650","","https://onlineautohandles.com/getresult?search=honda","REVIEW"
"CI-15303","12 VOLT HORN S-90 BLACK","CI","243 / PCS","18","853650","","https://onlineautohandles.com/getresult?search=honda","REVIEW"
"CI-15305","WIND TONE/TRUMPET HORN 12V UNIVERSAL TYPE","CI","475 / SET","18","853650","","https://onlineautohandles.com/getresult?search=honda","REVIEW"
"CI-15307","HORN D-125MM 12 VOLT DC UNIVERSAL TYPE FOR BUSES, LCVS TRUCKS","CI","438 / PCS","18","853650","","https://onlineautohandles.com/getresult?search=honda","REVIEW"
"CI-15313","RED GRILL HORN WITH WIRE DIE-125 MM 12VOLT (PAIR OF 2 PCS) UNIVERSAL TYPE","CI","956 / SET","18","","","https://onlineautohandles.com/getresult?search=honda","REVIEW"
"CI-16535","BRAKE SHOE REAR CITY TYPE-5 LH/RH ( SET OF 4 PCS )","CI","921 / PCS","18","87089900","","https://onlineautohandles.com/getresult?search=honda","REVIEW"
"CI-21002","AIR FILTER HONDA CITY I-VTEC, BRIO, AMAZE PETROL","CI","225 / PCS","18","84213100","#17200RB0000.. more","https://onlineautohandles.com/getresult?search=honda","REVIEW"
"CI-21014","AIR FILTER CITY TYPE -7 JAZZ N/M, PETROL AMAZE PETROL 2018","CI","231 / PCS","18","84213100","#17220-SSC-E01.. more","https://onlineautohandles.com/getresult?search=honda","REVIEW"
"CI-21065","CABIN FILTER SUITABLE FOR HONDA CITY TYPE-5 I-VTEC, CITY TYPE7, JAZZ, AMAZE CRV T-6","CI","150 / PCS","18","84213100","","https://onlineautohandles.com/getresult?search=honda","REVIEW"
"CI-21108","OIL FILTER HONDA AMAZE, BR-V, BRIO, CITY TYPE 7, CIVIC, JAZZ","CI","185 / PCS","18","84212300","","https://onlineautohandles.com/getresult?search=honda","REVIEW"
"CI-21111","OIL FILTER HONDA CITY T-3","CI","150 / Pcs","18","84212300","","https://onlineautohandles.com/getresult?search=honda","REVIEW"
"CI-30190LH","SIDE VIEW MIRROR FIXED TYPE AMAZE","CI","650 / Pcs","18","70091090","","https://onlineautohandles.com/getresult?search=honda","REVIEW"
"CI-30190RH","SIDE VIEW MIRROR FIXED TYPE AMAZE","CI","650 / Pcs","18","70091090","","https://onlineautohandles.com/getresult?search=honda","REVIEW"
"CI-30225LH","SIDE VIEW MIRROR AMAZE LXI","CI","1200 / Pcs","18","70091090","","https://onlineautohandles.com/getresult?search=honda","REVIEW"
"CI-30225RH","SIDE VIEW MIRROR AMAZE LXI","CI","1200 / Pcs","18","70091090","","https://onlineautohandles.com/getresult?search=honda","REVIEW"
"CI-30307LH","SIDE VIEW MIRROR AMAZE MOTORIZED","CI","1900 / Pcs","18","70091090","","https://onlineautohandles.com/getresult?search=honda","REVIEW"
"CI-30307RH","SIDE VIEW MIRROR AMAZE MOTORIZED","CI","1900 / Pcs","18","70091090","","https://onlineautohandles.com/getresult?search=honda","REVIEW"
"CI-30315LH","SIDE VIEW MIRROR MOTORIZED CITY ZX ELECTRIC WITH CONNECTOR","CI","1650 / PCS","18","70091090","","https://onlineautohandles.com/getresult?search=honda","REVIEW"
"CI-30315RH","SIDE VIEW MIRROR MOTORIZED CITY ZX ELECTRIC WITH CONNECTOR","CI","1650 / PCS","18","70091090","","https://onlineautohandles.com/getresult?search=honda","REVIEW"
"CI-30334LH","SIDE VIEW MIRROR AMAZE T-2 MOTORIZED W/BLINKER","CI","2624 / Pcs","18","70091090","","https://onlineautohandles.com/getresult?search=honda","REVIEW"
"CI-30334RH","SIDE VIEW MIRROR AMAZE T-2 MOTORIZED W/BLINKER","CI","2624 / Pcs","18","70091090","","https://onlineautohandles.com/getresult?search=honda","REVIEW"
"CI-30335LH","SIDE VIEW MIRROR AMAZE T-2 MOTORIZED WITH CONNECTOR","CI","2486 / Pcs","18","70091090","","https://onlineautohandles.com/getresult?search=honda","REVIEW"
"CI-30335RH","SIDE VIEW MIRROR AMAZE T-2 MOTORIZED WITH CONNECTOR","CI","2486 / Pcs","18","70091090","","https://onlineautohandles.com/getresult?search=honda","REVIEW"
"CI-30336LH","SIDE VIEW MIRROR CITY I-VTEC MOTORIZED WITH CONNECTOR","CI","2062 / PCS","18","70091090","","https://onlineautohandles.com/getresult?search=honda","REVIEW"
"CI-30336RH","SIDE VIEW MIRROR CITY I-VTEC MOTORIZED WITH CONNECTOR","CI","2062 / PCS","18","70091090","","https://onlineautohandles.com/getresult?search=honda","REVIEW"
"CI-30337LH","SIDE VIEW MIRROR CITY I-DTEC MOTORIZED W/BLINKER","CI","2788 / Pcs","18","70091090","","https://onlineautohandles.com/getresult?search=honda","REVIEW"
"CI-30337RH","SIDE VIEW MIRROR CITY I-DTEC MOTORIZED W/BLINKER","CI","2788 / Pcs","18","70091090","","https://onlineautohandles.com/getresult?search=honda","REVIEW"
"CI-30338LH","SIDE VIEW MIRROR CITY I-DTEC MOTORIZED WITH CONNECTOR","CI","2608 / PCS","18","70091090","","https://onlineautohandles.com/getresult?search=honda","REVIEW"
"CI-30338RH","SIDE VIEW MIRROR CITY I-DTEC MOTORIZED WITH CONNECTOR","CI","2608 / PCS","18","70091090","","https://onlineautohandles.com/getresult?search=honda","REVIEW"
"CI-30345LH","SIDE VIEW MIRROR LH -RH (MOTORIZED WITH BLINKER, WITH CONNECTOR & AUTO FOLD) HONDA AMAZE TYPE - 2, BRIO","CI","4800 / PCS","18","70091090","","https://onlineautohandles.com/getresult?search=honda","REVIEW"
"CI-30345RH","SIDE VIEW MIRROR LH -RH (MOTORIZED WITH BLINKER, WITH CONNECTOR & AUTO FOLD) HONDA AMAZE TYPE - 2, BRIO","CI","4800 / PCS","18","70091090","","https://onlineautohandles.com/getresult?search=honda","REVIEW"
"CI-30347LH","SIDE VIEW MIRROR LH -RH (MOTORIZED WITH BLINKER, WITH CONNECTOR & AUTO FOLD) HONDA CITY IDTEC","CI","4800 / PCS","18","70091090","","https://onlineautohandles.com/getresult?search=honda","REVIEW"
"CI-30347RH","SIDE VIEW MIRROR LH -RH (MOTORIZED WITH BLINKER, WITH CONNECTOR & AUTO FOLD) HONDA CITY IDTEC","CI","4800 / PCS","18","70091090","","https://onlineautohandles.com/getresult?search=honda","REVIEW"
"CI-30420LH","SIDE VIEW MIRROR (LH- RH) HONDA AMAZE TYPE – 2","CI","540 / PCS","18","70091090","","https://onlineautohandles.com/getresult?search=honda","REVIEW"
"CI-30420RH","SIDE VIEW MIRROR (LH- RH) HONDA AMAZE TYPE – 2","CI","540 / PCS","18","70091090","","https://onlineautohandles.com/getresult?search=honda","REVIEW"
"CI-30643LH","SUB MIRROR AMAZE TYPE-2","CI","110 / Pcs","18","70091090","","https://onlineautohandles.com/getresult?search=honda","REVIEW"
"CI-30643RH","SUB MIRROR AMAZE TYPE-2","CI","110 / Pcs","18","70091090","","https://onlineautohandles.com/getresult?search=honda","REVIEW"
"CI-30649LH","SUB MIRROR BRIO","CI","110 / Pcs","18","70091090","","https://onlineautohandles.com/getresult?search=honda","REVIEW"
"CI-30649RH","SUB MIRROR BRIO","CI","110 / Pcs","18","70091090","","https://onlineautohandles.com/getresult?search=honda","REVIEW"
"CI-30662LH","SUB MIRROR JAZZ","CI","110 / Pcs","18","70091090","","https://onlineautohandles.com/getresult?search=honda","REVIEW"
"CI-30662RH","SUB MIRROR JAZZ","CI","110 / Pcs","18","70091090","","https://onlineautohandles.com/getresult?search=honda","REVIEW"
"CI-30666LH","SUB MIRROR ESTILO","CI","100 / Pcs","18","70091090","","https://onlineautohandles.com/getresult?search=honda","REVIEW"
"CI-30666RH","SUB MIRROR ESTILO","CI","100 / Pcs","18","70091090","","https://onlineautohandles.com/getresult?search=honda","REVIEW"
"CI-30678LH","SUB MIRROR HONDA CITY TYPE-2","CI","100 / Pcs","18","70091090","","https://onlineautohandles.com/getresult?search=honda","REVIEW"
"CI-30678RH","SUB MIRROR HONDA CITY TYPE-2","CI","100 / Pcs","18","70091090","","https://onlineautohandles.com/getresult?search=honda","REVIEW"
"CI-30681LH","SUB MIRROR CITY TYPE-5","CI","100 / Pcs","18","70091090","","https://onlineautohandles.com/getresult?search=honda","REVIEW"
"CI-30681RH","SUB MIRROR CITY TYPE-5","CI","100 / Pcs","18","70091090","","https://onlineautohandles.com/getresult?search=honda","REVIEW"
"CI-30683LH","SUB MIRROR CITY TYPE-3","CI","92 / Pcs","18","70091090","","https://onlineautohandles.com/getresult?search=honda","REVIEW"
"CI-30683RH","SUB MIRROR CITY TYPE-3","CI","92 / Pcs","18","70091090","","https://onlineautohandles.com/getresult?search=honda","REVIEW"
"CI-30684LH","SUB MIRROR CITY TYPE-6","CI","100 / PCS","18","70091090","","https://onlineautohandles.com/getresult?search=honda","REVIEW"
"CI-30684RH","SUB MIRROR CITY TYPE-6","CI","100 / PCS","18","70091090","","https://onlineautohandles.com/getresult?search=honda","REVIEW"
"CI-30710LH","SUB MIRROR (LH - RH) HONDA AMAZE (2018 MODEL)","CI","120 / PCS","18","70091090","","https://onlineautohandles.com/getresult?search=honda","REVIEW"
"CI-30710RH","SUB MIRROR (LH - RH) HONDA AMAZE (2018 MODEL)","CI","120 / PCS","18","70091090","","https://onlineautohandles.com/getresult?search=honda","REVIEW"
"CI-30717LH","SUB MIRROR (LH-RH) HONDA CITY-2020","CI","120 / PCS","18","70091090","","https://onlineautohandles.com/getresult?search=honda","REVIEW"
"CI-30717RH","SUB MIRROR (LH-RH) HONDA CITY-2020","CI","120 / PCS","18","70091090","","https://onlineautohandles.com/getresult?search=honda","REVIEW"
"CI-30718LH","SUB MIRROR LH-RH HONDA ELEVATE 2024","CI","125 / PCS","18","","","https://onlineautohandles.com/getresult?search=honda","REVIEW"
"CI-30718RH","SUB MIRROR LH-RH HONDA ELEVATE 2024","CI","125 / PCS","18","","","https://onlineautohandles.com/getresult?search=honda","REVIEW"
"CI-32118LH","RC LOCK ASSY BEIGE HONDA , AMAZE, BRIO, BRV, MOBILIO","CI","200 / PCS","18","83012000","","https://onlineautohandles.com/getresult?search=honda","REVIEW"
"CI-32118RH","RC LOCK ASSY BEIGE HONDA , AMAZE, BRIO, BRV, MOBILIO","CI","200 / PCS","18","83012000","","https://onlineautohandles.com/getresult?search=honda","REVIEW"
"CI-32131","RC HANDLE LH-RH HONDA AMAZE N/M","CI","0 / PCS","18","","","https://onlineautohandles.com/getresult?search=honda","REVIEW"
"CI-32206FLH","OUTER HANDLE HONDA CITY 5TH GENERATION FRONT CHROME","CI","605 / PCS","18","87089900","","https://onlineautohandles.com/getresult?search=honda","REVIEW"
"CI-32206FRH","OUTER HANDLE HONDA CITY 5TH GENERATION FRONT CHROME","CI","605 / PCS","18","87089900","","https://onlineautohandles.com/getresult?search=honda","REVIEW"
"CI-32207RLH","OUTER HANDLE HONDA CITY 5TH GENERATION REAR CHROME","CI","605 / PCS","18","87089900","","https://onlineautohandles.com/getresult?search=honda","REVIEW"
"CI-32207RRH","OUTER HANDLE HONDA CITY 5TH GENERATION REAR CHROME","CI","605 / PCS","18","87089900","","https://onlineautohandles.com/getresult?search=honda","REVIEW"
"CI-32226FRH","OUTER HANDLE AMAZE CHROME FRONT RIGHT","CI","400 / Pcs","18","87089900","","https://onlineautohandles.com/getresult?search=honda","REVIEW"
"CI-32227FLH","OUTER HANDLE AMAZE CHROME FRONT LEFT","CI","400 / Pcs","18","87089900","","https://onlineautohandles.com/getresult?search=honda","REVIEW"
"CI-32228RLH","OUTER HANDLE AMAZE CHROME REAR","CI","424 / Pcs","18","87089900","","https://onlineautohandles.com/getresult?search=honda","REVIEW"
"CI-32228RRH","OUTER HANDLE AMAZE CHROME REAR","CI","424 / Pcs","18","87089900","","https://onlineautohandles.com/getresult?search=honda","REVIEW"
"CI-32299FRH","OUTSIDE DOOR HANDLE FRONT RH W/O KEYHOLE HONDA JAZZ 2ND GEN","CI","500 / PCS","18","87089900","","https://onlineautohandles.com/getresult?search=honda","REVIEW"
"CI-33000","BATTERY TERMINAL BRASS (750 GM PER DOZEN ) NEG-POS BHARAT BENZ","CI","0 / PCS","18","853650","","https://onlineautohandles.com/getresult?search=honda","REVIEW"
"CI-33316FLH","WINDOW REGULATOR ASSY FRONT POWER HONDA AMAZE","CI","881 / PCS","18","8708990","","https://onlineautohandles.com/getresult?search=honda","REVIEW"
"CI-33316FRH","WINDOW REGULATOR ASSY FRONT POWER HONDA AMAZE","CI","881 / PCS","18","8708990","","https://onlineautohandles.com/getresult?search=honda","REVIEW"
"CI-33323FLH","WINDOW REGULATOR ASSY HONDA CITY I-DTEC (TYPE-7) POWER (FRONT)","CI","1824 / PCS","18","87089900","","https://onlineautohandles.com/getresult?search=honda","REVIEW"
"CI-33323FRH","WINDOW REGULATOR ASSY HONDA CITY I-DTEC (TYPE-7) POWER (FRONT)","CI","1824 / PCS","18","87089900","","https://onlineautohandles.com/getresult?search=honda","REVIEW"
"CI-33324RLH","WINDOW REGULATOR ASSY HONDA CITY I-DTEC (TYPE-7) POWER (REAR)","CI","1824 / PCS","18","87089900","","https://onlineautohandles.com/getresult?search=honda","REVIEW"
"CI-33324RRH","WINDOW REGULATOR ASSY HONDA CITY I-DTEC (TYPE-7) POWER (REAR)","CI","1824 / PCS","18","87089900","","https://onlineautohandles.com/getresult?search=honda","REVIEW"
"CI-34455","DICKEY SHOCKER HONDA JAZZ","CI","646 / SET","18","87089900","","https://onlineautohandles.com/getresult?search=honda","REVIEW"
"CI-34527","REAR SHOCK ABSORBER HONDA AMAZE","CI","0 / PCS","18","","#AMK26087.. more","https://onlineautohandles.com/getresult?search=honda","REVIEW"
"CI-34802","OIL PRESSURE SWITCH HONDA CITY","CI","105 / PCS","18","853650","","https://onlineautohandles.com/getresult?search=honda","REVIEW"
"CI-34820LH","POWER WINDOW SWITCH HONDA AMAZE (LH)","CI","500 / PCS","18","87089900","","https://onlineautohandles.com/getresult?search=honda","REVIEW"
"CI-34823FRH","POWER WINDOW SWITCH HONDA CITY T-5 FRH MASTER","CI","1783 / PCS","18","87089900","","https://onlineautohandles.com/getresult?search=honda","REVIEW"
"CI-36000FRH","OUTSIDE DOOR HANDLE FRONT RH WITH KEYHOLE HONDA CITY 6TH GEN, AMAZE 2ND GEN","CI","500 / PCS","18","87089900","","https://onlineautohandles.com/getresult?search=honda","REVIEW"
"CI-36001FLH","OUTSIDE DOOR HANDLE FRONT LH W/O KEYHOLE HONDA CITY 6TH GEN, JAZZ 2ND GEN, AMAZE 2ND GEN","CI","500 / PCS","18","87089900","","https://onlineautohandles.com/getresult?search=honda","REVIEW"
"CI-36002RLH","OUTSIDE DOOR HANDLE REAR LH HONDA ,JAZZ-2ND GEN, CITY T-6,AMAZE 2ND GEN","CI","500 / PCS","18","87089900","","https://onlineautohandles.com/getresult?search=honda","REVIEW"
"CI-36002RRH","OUTSIDE DOOR HANDLE REAR LH HONDA ,JAZZ-2ND GEN, CITY T-6,AMAZE 2ND GEN","CI","500 / PCS","18","87089900","","https://onlineautohandles.com/getresult?search=honda","REVIEW"
"CI-36014FLH","OUTSIDE DOOR HANDLE FRONT LH WITHOUT KEY HOLE HONDA CITY 6TH GEN, JAZZ 2ND GEN, AMAZE 2ND GEN","CI","400 / PCS","18","87089900","","https://onlineautohandles.com/getresult?search=honda","REVIEW"
"CI-36014FRH","OUTSIDE DOOR HANDLE FRONT LH WITHOUT KEY HOLE HONDA CITY 6TH GEN, JAZZ 2ND GEN, AMAZE 2ND GEN","CI","400 / PCS","18","87089900","","https://onlineautohandles.com/getresult?search=honda","REVIEW"
"CI-36015RLH","OUTSIDE DOOR HANDLE REAR LH - RH HONDA CITY TYPE-6, JAZZ 2ND GEN, AMAZE 2ND GEN","CI","400 / PCS","18","87089900","","https://onlineautohandles.com/getresult?search=honda","REVIEW"
"CI-36015RRH","OUTSIDE DOOR HANDLE REAR LH - RH HONDA CITY TYPE-6, JAZZ 2ND GEN, AMAZE 2ND GEN","CI","400 / PCS","18","87089900","","https://onlineautohandles.com/getresult?search=honda","REVIEW"
"CI-36016FRH","OUTSIDE DOOR HANDLE FRONT RH WITH KEY HOLE HONDA CITY 6TH GEN, AMAZE 2ND GEN","CI","400 / PCS","18","87089900","","https://onlineautohandles.com/getresult?search=honda","REVIEW"
"CI-36098","OUTSIDE DOOR HANDLE FRONT RH WITH KEYHOLE (SENSOR TYPE) HONDA CITY 6TH GEN, AMAZE 2ND GEN","CI","3300 / PCS","18","","","https://onlineautohandles.com/getresult?search=honda","REVIEW"
"CI-36099","OUTSIDE DOOR HANDLE FRONT LH WITHOUT KEYHOLE (SENSOR TYPE) HONDA CITY 6TH GEN, AMAZE 2ND GEN","CI","3300 / PCS","18","","","https://onlineautohandles.com/getresult?search=honda","REVIEW"
"CI-30392","SIDE MIRROR HONDA AMAZE/ BRIO T3 POWER FOLD","CI","4800 / PCS","18","","","https://onlineautohandles.com/getresult?search=honda","REVIEW"
"663","IGINITION SWITCH ( 5 POINT) MM540, JCB 3DX ADD TO CART","","295 / Pcs","18","83012000","","https://onlineautohandles.com/getresult?search=jcb","REVIEW"
"926","ROOF GRAB HANDLE JCB UNIVERSAL (GREEN) ADD TO CART","","54 / PCS","18","87089900","","https://onlineautohandles.com/getresult?search=jcb","REVIEW"
"1000","REVOLVING ROOF HANGER JCB UNIVERSAL TYPE ADD TO CART","","120 / PCS","18","87089900","NA.. more","https://onlineautohandles.com/getresult?search=jcb","REVIEW"
"2334","WINDOW LOCK LATCH WITH CATCH JCB 3CX CI-5901 ADD TO CART","","0 / KIT","18","83012000","#331/31071.. more","https://onlineautohandles.com/getresult?search=jcb","REVIEW"
"2338RLH","REAR WINDOW LOCK HANDLE LATCH JCB 3CX ADD TO CART","","560 / Pcs","18","84314990","#331/28233 LH #331/28235 RH.. more","https://onlineautohandles.com/getresult?search=jcb","REVIEW"
"2338RRH","REAR WINDOW LOCK HANDLE LATCH JCB 3CX ADD TO CART","","560 / Pcs","18","84314990","#331/28233 LH #331/28235 RH.. more","https://onlineautohandles.com/getresult?search=jcb","REVIEW"
"2341RLH","REAR WINDOW LOCK HANDLE LATCH JCB 3CX (LITE) LH ADD TO CART","","308 / Pcs","18","84314990","#331/28233 LH, #331/28235 RH.. more","https://onlineautohandles.com/getresult?search=jcb","REVIEW"
"2341RRH","REAR WINDOW LOCK HANDLE LATCH JCB 3CX (LITE) RH ADD TO CART","","308 / Pcs","18","84314990","#331/28233 LH, #331/28235 RH.. more","https://onlineautohandles.com/getresult?search=jcb","REVIEW"
"2868","FUEL TANK CAP JCB CRANE W/ KEYS CI-5902 ADD TO CART","","0 / PCS","18","83012000","#123/05892.. more","https://onlineautohandles.com/getresult?search=jcb","REVIEW"
"2886","FUEL TANK CAP W/ KEYS EARTHMOVERS, JCB CI-5906 ADD TO CART","","0 / PCS","18","83012000","","https://onlineautohandles.com/getresult?search=jcb","REVIEW"
"2899","WATER TANK CAP JCB CRANE ADD TO CART","","0 / PCS","18","843139","","https://onlineautohandles.com/getresult?search=jcb","REVIEW"
"2943","DOOR HINGES BLOCK ASSY JCB CI-5930 ADD TO CART","","0 / PCS","18","84314990","331/31247.. more","https://onlineautohandles.com/getresult?search=jcb","REVIEW"
"2950","DOOR WINDOW HINGES ASSY JCB 3CX,4CX,5CX ADD TO CART","","847 / PCS","18","84314990","#128/11287.. more","https://onlineautohandles.com/getresult?search=jcb","REVIEW"
"4129","STOP CABLE WITH LEVER JCB 3DX CI-5927 ADD TO CART","","193 / PCS","18","84314990","","https://onlineautohandles.com/getresult?search=jcb","REVIEW"
"4138","ACCELATOR CABLE JCB 3DX ADD TO CART","","0 / PCS","18","84314990","","https://onlineautohandles.com/getresult?search=jcb","REVIEW"
"4275","OUTSIDE DOOR HANDLE WITH KEYS JCB 3DX CI-5947 ADD TO CART","","0 / PCS","18","84314990","#123/04067, #701/45501.. more","https://onlineautohandles.com/getresult?search=jcb","REVIEW"
"4314","FOOT REST JCB ADD TO CART","","1649 / PCS","18","","#331/27034.. more","https://onlineautohandles.com/getresult?search=jcb","REVIEW"
"4316","UPPER FOOT STEP JCB 3DX ADD TO CART","","1194 / Pcs","18","84314990","#40/302351.. more","https://onlineautohandles.com/getresult?search=jcb","REVIEW"
"4821","IGNITION LOCK WITH KEYS JCB ADD TO CART","","0 / PCS","18","84314990","701/80184.. more","https://onlineautohandles.com/getresult?search=jcb","REVIEW"
"4857","IGNITION SWITCH JCB N/M 3DX SUPER ADD TO CART","","668 / Pcs","18","843139","","https://onlineautohandles.com/getresult?search=jcb","REVIEW"
"5411","DOOR GRIP HANDLE JCB ADD TO CART","","26 / Pcs","18","83012000","","https://onlineautohandles.com/getresult?search=jcb","REVIEW"
"5901","WINDOW CATCHER POOL + LOCK JCB ADD TO CART","","300 / KIT","18","843139","#331/31071.. more","https://onlineautohandles.com/getresult?search=jcb","REVIEW"
"5902","FUEL TANK LOCK W/KEY JCB ( DIESEL TANK CAP BIG) ADD TO CART","","554 / PCS","18","843139","#123/05892.. more","https://onlineautohandles.com/getresult?search=jcb","REVIEW"
"5906","PT CAP SMALL JCB, TRACTOR, EARTHMOVERS ADD TO CART","","261 / PCS","18","843139","","https://onlineautohandles.com/getresult?search=jcb","REVIEW"
"5910LH","DOOR LOCK ASSY 3D O/M EARTHMOVERS ADD TO CART","","497 / PCS","18","84314990","#121/13400 LH, #121/13500 RH.. more","https://onlineautohandles.com/getresult?search=jcb","REVIEW"
"5912","STEERING WHEEL EARTHMOVERS,JCB ADD TO CART","","1771 / PCS","18","843139","#125/35000.. more","https://onlineautohandles.com/getresult?search=jcb","REVIEW"
"5914","STEERING WHEEL KNOB EARTHMOVERS,JCB ADD TO CART","","146 / PCS","18","843139","#123/03842.. more","https://onlineautohandles.com/getresult?search=jcb","REVIEW"
"5915","CENTRE CAP STEERING WHEEL JCB ADD TO CART","","64 / Pcs","18","843139","#331/27487.. more","https://onlineautohandles.com/getresult?search=jcb","REVIEW"
"5916LH","OUTER HANDLE JCB CRANE 3CX,4CX ADD TO CART","","546 / PCS","18","84314990","#331/43118 LH #331/43119 RH.. more","https://onlineautohandles.com/getresult?search=jcb","REVIEW"
"5916RH","OUTER HANDLE JCB CRANE 3CX,4CX ADD TO CART","","546 / PCS","18","84314990","#331/43118 LH #331/43119 RH.. more","https://onlineautohandles.com/getresult?search=jcb","REVIEW"
"5917","DOOR STOPPER SPRING TYPE JCB N/M 3CX,4CX ADD TO CART","","120 / SET","18","843139","#331/38532.. more","https://onlineautohandles.com/getresult?search=jcb","REVIEW"
"5920","STEERING WHEEL N/M EARTHMOVERS JCB ADD TO CART","","2640 / PCS","18","843139","#332/G8146 #128/11789.. more","https://onlineautohandles.com/getresult?search=jcb","REVIEW"
"5922","ACCELATOR CABLE JCB-3DX ADD TO CART","","454 / PCS","18","843139","#910/48801.. more","https://onlineautohandles.com/getresult?search=jcb","REVIEW"
"5926","WATER TANK CAP JCB CI-2899 ADD TO CART","","309 / Pcs","18","843139","","https://onlineautohandles.com/getresult?search=jcb","REVIEW"
"5927","STOP CABLE JCB 3DX ADD TO CART","","193 / PCS","18","843139","#910/28400 #40/303963.. more","https://onlineautohandles.com/getresult?search=jcb","REVIEW"
"5928","COOLANT EXPENSION CAP JCB 3DX NEW MODEL ADD TO CART","","81 / PCS","18","843139","#477/00223.. more","https://onlineautohandles.com/getresult?search=jcb","REVIEW"
"5929LH","DOOR LOCK ASSY JCB N/M ADD TO CART","","614 / PCS","18","843139","#333/Y2921 LH.. more","https://onlineautohandles.com/getresult?search=jcb","REVIEW"
"5929RH","DOOR LOCK ASSY JCB N/M ADD TO CART","","614 / PCS","18","843139","#333/Y2922 RH.. more","https://onlineautohandles.com/getresult?search=jcb","REVIEW"
"5930","DOOR HINGES JCB ADD TO CART","","197 / PCS","18","830230","#331/31247.. more","https://onlineautohandles.com/getresult?search=jcb","REVIEW"
"5931","GRILL LOCK JCB 3DX N/M ADD TO CART","","205 / Pcs","18","83012000","#162/03434 #701/45501.. more","https://onlineautohandles.com/getresult?search=jcb","REVIEW"
"5932","ACCELATER CABLE JCB 3DX N/M ADD TO CART","","397 / Pcs","18","843139","","https://onlineautohandles.com/getresult?search=jcb","REVIEW"
"5947","DOOR HANDLE JCB CRANES W/KEYS ADD TO CART","","281 / Pcs","18","843139","#123/04067 , #701/45501.. more","https://onlineautohandles.com/getresult?search=jcb","REVIEW"
"5956","IGNITION SWITCH JCB W/KEY ADD TO CART","","495 / PCS","18","84314990","","https://onlineautohandles.com/getresult?search=jcb","REVIEW"
"5957LH","DOOR LOCK ASSY JCB ADD TO CART","","773 / Pcs","18","843139","#123/02450 LH #123/02451 RH .. more","https://onlineautohandles.com/getresult?search=jcb","REVIEW"
"5957RH","DOOR LOCK ASSY JCB ADD TO CART","","773 / Pcs","18","843139","#123/02450 LH #123/02451 RH .. more","https://onlineautohandles.com/getresult?search=jcb","REVIEW"
"5958","KEYS JCB ADD TO CART","","73 / SET","18","843139","#701/45501.. more","https://onlineautohandles.com/getresult?search=jcb","REVIEW"
"5960","DIESEL PUMP SWITCH JCB ADD TO CART","","452 / Pcs","18","843139","","https://onlineautohandles.com/getresult?search=jcb","REVIEW"
"5963","WINDOW CATCHER SPOOL LOCK (28MM ROD) JCB ADD TO CART","","275 / Pcs","18","843139","","https://onlineautohandles.com/getresult?search=jcb","REVIEW"
"5964","QUARTER GLASS JCB (TELE HANDLER JCB) ADD TO CART","","248 / PCS","18","","#331/35148.. more","https://onlineautohandles.com/getresult?search=jcb","REVIEW"
"5965","MIRROR ARM JCB 3CX ADD TO CART","","0 / Pcs","18","","#123/04968.. more","https://onlineautohandles.com/getresult?search=jcb","REVIEW"
"5966","MIRROR ARM ASSEMBLY JCB ADD TO CART","","0 / Pcs","18","","#162/01780.. more","https://onlineautohandles.com/getresult?search=jcb","REVIEW"
"5967","MIRROR BRACKET JCB ADD TO CART","","0 / Pcs","18","","#335/04027.. more","https://onlineautohandles.com/getresult?search=jcb","REVIEW"
"5968","MIRROR ARM JCB ADD TO CART","","0 / Pcs","18","","#331/40306.. more","https://onlineautohandles.com/getresult?search=jcb","REVIEW"
"5969","MIRROR ARM ASSEMBLY JCB ADD TO CART","","0 / Pcs","18","","#162/01780.. more","https://onlineautohandles.com/getresult?search=jcb","REVIEW"
"5970","MIRROR ARM JCB ADD TO CART","","0 / Pcs","18","","#162/03765.. more","https://onlineautohandles.com/getresult?search=jcb","REVIEW"
"5971","MIRROR ARM JCB ADD TO CART","","0 / Pcs","18","","#331/40307.. more","https://onlineautohandles.com/getresult?search=jcb","REVIEW"
"5973","KEY ONLY (ROUND HEAD) JCB ADD TO CART","","0 / Pcs","18","","#11306919.. more","https://onlineautohandles.com/getresult?search=jcb","REVIEW"
"6309","STEERING WHEEL KNOB JCB & EARTHMOVERS CI-5914 ADD TO CART","","0 / PCS","18","87089900","","https://onlineautohandles.com/getresult?search=jcb","REVIEW"
"6337","BACKHOE OPERATING LEVER KNOB JCB BACKHOE LOADER ADD TO CART","","0 / PCS","18","","#99361200.. more","https://onlineautohandles.com/getresult?search=jcb","REVIEW"
"7003","STEERING WHEEL JCB CI-5912 ADD TO CART","","0 / PCS","18","84314990","#125/35000.. more","https://onlineautohandles.com/getresult?search=jcb","REVIEW"
"7006","STEERING WHEEL (T 2) JCB CRANE ADD TO CART","","0 / PCS","18","84314990","","https://onlineautohandles.com/getresult?search=jcb","REVIEW"
"7007","STEERING WHEEL (EXPORT MODEL) JCB CRANE (MILLING TYPE) ADD TO CART","","2795 / Pcs","18","843139","#332/G8146.. more","https://onlineautohandles.com/getresult?search=jcb","REVIEW"
"7205","DOOR STOPPER JCB O/M (S.O.2 PCS) ADD TO CART","","0 / SET","18","84314990","122/23510.. more","https://onlineautohandles.com/getresult?search=jcb","REVIEW"
"7207","DOOR STOPPER JCB O/M (S.O.2 PCS) CI-5917 ADD TO CART","","0 / SET","18","84314990","#331/38532.. more","https://onlineautohandles.com/getresult?search=jcb","REVIEW"
"7446","LOCK KEYS OF JCB CI-5958 ADD TO CART","","0 / PCS","18","84314990","#701/45501.. more","https://onlineautohandles.com/getresult?search=jcb","REVIEW"
"7482","GRILL LOCK JCB 3DX O/M ADD TO CART","","153 / PCS","18","83012000","#333/C3143.. more","https://onlineautohandles.com/getresult?search=jcb","REVIEW"
"7492","DOOR LOCK BARREL W/KEYS JCB 3DX ADD TO CART","","160 / PCS","18","843139","","https://onlineautohandles.com/getresult?search=jcb","REVIEW"
"7575","CENTER CAP OF STEERING WHEEL JCB CI-5915 ADD TO CART","","0 / PCS","18","84314990","","https://onlineautohandles.com/getresult?search=jcb","REVIEW"
"7736LH","DOOR LATCH ASSY JCB CRANE L/R CI-5957 ADD TO CART","","0 / PCS","18","84314990","123/02450 LH 123/02451 RH.. more","https://onlineautohandles.com/getresult?search=jcb","REVIEW"
"7753","DOOR LATCH ASSY CI-5910 ADD TO CART","","0 / PCS","18","84314990","121/13400 LH 121/13500 RH.. more","https://onlineautohandles.com/getresult?search=jcb","REVIEW"
"7792LH","DOOR LATCH JCB N/M (INDIAN MODEL) CI-5929 ADD TO CART","","0 / PCS","18","84314990","","https://onlineautohandles.com/getresult?search=jcb","REVIEW"
"8801","EXPANSION COOLANT CAP JCB 3CX ADD TO CART","","0 / PCS","18","84314990","","https://onlineautohandles.com/getresult?search=jcb","REVIEW"
"8803","PRESSURE CAP JCB N/M ADD TO CART","","100 / PCS","18","843139","#123/06578.. more","https://onlineautohandles.com/getresult?search=jcb","REVIEW"
"8806","HYDRAULIC CAP W/KEY, JCB ADD TO CART","","913 / PCS","18","843139","#32/925421.. more","https://onlineautohandles.com/getresult?search=jcb","REVIEW"
"8807","DIESEL TANK CAP BLACK SHEET JCB 3D,2DX OLD MODEL ADD TO CART","","122 / PCS","18","843139","#122/62400.. more","https://onlineautohandles.com/getresult?search=jcb","REVIEW"
"8823","HYDRAULIC TANK CAP SMALL JCB SCISSOR (4213) ADD TO CART","","46 / PCS","18","84314990","","https://onlineautohandles.com/getresult?search=jcb","REVIEW"
"8834","OIL FILLER CAP JCB 3CX, 3DX, 4CX, 5CX ADD TO CART","","73 / PCS","18","","#320/04090.. more","https://onlineautohandles.com/getresult?search=jcb","REVIEW"
"8838","HYDRAULIC CAP WITH KEYS ( ECONOMY) JCB 3DX, 3CX, 4DX ADD TO CART","","718 / PCS","18","","#32/925421.. more","https://onlineautohandles.com/getresult?search=jcb","REVIEW"
"8840","FUEL TANK CAP WITH LOCK AND KEYS (ECONOMY) JCB ADD TO CART","","509 / PCS","18","","#123/05892.. more","https://onlineautohandles.com/getresult?search=jcb","REVIEW"
"8853","FILLER CAP DIESEL GREEN VENTED JCB ADD TO CART","","0 / Pcs","18","","#400/Y6758.. more","https://onlineautohandles.com/getresult?search=jcb","REVIEW"
"9024","OUTER HANDLE W/KEYS JCB 3CX, 4CX CI-5916 ADD TO CART","","0 / PCS","18","843139","332/A3731 LH,332/A3732 RH,#331/43118 LH,#331/43119.. more","https://onlineautohandles.com/getresult?search=jcb","REVIEW"
"9061","OUTER HANDLE W/KEYS (LONG BOLT) JCB CRANE ADD TO CART","","272 / PCS","18","843139","#123/06547.. more","https://onlineautohandles.com/getresult?search=jcb","REVIEW"
"9539","GRILL BUDGET LOCK KNOB ADD TO CART","","37 / Pcs","18","87089900","","https://onlineautohandles.com/getresult?search=jcb","REVIEW"
"9904","HOUSING OF WATER THERMOSTARE JCB 3CX4CX ADD TO CART","","94 / PCS","18","843139","#320/04890 #320/04739.. more","https://onlineautohandles.com/getresult?search=jcb","REVIEW"
"9949","FUEL TANK NECK MOUTH JCB 3DX ADD TO CART","","76 / PCS","18","843139","","https://onlineautohandles.com/getresult?search=jcb","REVIEW"
"9957","GREASE NIPPLE 90 1/8 JCB 3CX, 4CX ADD TO CART","","12 / PCS","18","87089900","","https://onlineautohandles.com/getresult?search=jcb","REVIEW"
"9999","HAND THROTTLE CONTROL LEVER FOR JCB 3DX ADD TO CART","","520 / Pcs","18","843139","#40/303624.. more","https://onlineautohandles.com/getresult?search=jcb","REVIEW"
"12164","HEAD LAMP ASSY JCB 3CX, 4CX ADD TO CART","","0 / PCS","18","","#700/50119LH,#700/50121RH.. more","https://onlineautohandles.com/getresult?search=jcb","REVIEW"
"12165","HEAD LIGHT ASSY. (LH - RH) JCB N/M ADD TO CART","","0 / Pcs","18","","#700/50192, #700/50193.. more","https://onlineautohandles.com/getresult?search=jcb","REVIEW"
"14409","HAND PRIMER KIT REVERSE FLOW JCB 3CX,4CX N/M ADD TO CART","","774 / PCS","18","84314990","#32/926045.. more","https://onlineautohandles.com/getresult?search=jcb","REVIEW"
"16015","SUN GEAR JCB BACKHOE LOADER ADD TO CART","","0 / PCS","18","","#450/12403.. more","https://onlineautohandles.com/getresult?search=jcb","REVIEW"
"16016","HYDRA CLAMP HOUSING JCB BACKHOE LOADER ADD TO CART","","0 / PCS","18","","#128/14725.. more","https://onlineautohandles.com/getresult?search=jcb","REVIEW"
"16017","HYDRA CLAMP HOUSING JCB BACKHOE LOADER ADD TO CART","","0 / PCS","18","","#128/14726.. more","https://onlineautohandles.com/getresult?search=jcb","REVIEW"
"16018","ANNULUS RING JCB BACKHOE LOADER ADD TO CART","","0 / PCS","18","","#453/01803.. more","https://onlineautohandles.com/getresult?search=jcb","REVIEW"
"16603","WHEEL HUB JCB BACKHOE LOADER ADD TO CART","","0 / PCS","18","","#453/04206.. more","https://onlineautohandles.com/getresult?search=jcb","REVIEW"
"16604","PLATENARY HUB JCB 3CX, 4CX ADD TO CART","","0 / Pcs","18","","#450/10216.. more","https://onlineautohandles.com/getresult?search=jcb","REVIEW"
"17033","ROLLER BEARING JCB 3CX, 4CX ADD TO CART","","0 / Pcs","18","","#907/50200.. more","https://onlineautohandles.com/getresult?search=jcb","REVIEW"
"21030","AIR FILTER SUITABLE FOR JCB 4DX BACKHOE LOADER ADD TO CART","","715 / PCS","18","","","https://onlineautohandles.com/getresult?search=jcb","REVIEW"
"21031","AIR FILTER JCB 3DX BACKHOE LOADER ADD TO CART","","627 / PCS","18","84213100","","https://onlineautohandles.com/getresult?search=jcb","REVIEW"
"21032","AIR FILTER SUITABLE FOR JCB BS-VI ADD TO CART","","853 / PCS","18","84213100","","https://onlineautohandles.com/getresult?search=jcb","REVIEW"
"21033","AIR FILTER SUITABLE FOR JCB 2011 MODEL ADD TO CART","","770 / PCS","18","84213100","","https://onlineautohandles.com/getresult?search=jcb","REVIEW"
"21105","AIR FILTER JCB 3CX-3D ADD TO CART","","825 / Pcs","18","84213100","","https://onlineautohandles.com/getresult?search=jcb","REVIEW"
"21163","OIL FILTER JCB 3DX,3C,3CX,3D ETC ADD TO CART","","605 / Pcs","18","84212300","","https://onlineautohandles.com/getresult?search=jcb","REVIEW"
"30198","SIDE VIEW MIRROR JCB 3CX,4CX ADD TO CART","","570 / PCS","18","84314990","123/04970.. more","https://onlineautohandles.com/getresult?search=jcb","REVIEW"
"30426","SIDE VIEW MIRROR JCB 3DX MODEL ADD TO CART","","688 / PCS","18","","","https://onlineautohandles.com/getresult?search=jcb","REVIEW"
"32115LH","WINDOW HANDLE JCB 3CX, 4CX,3DX ADD TO CART","","410 / SET","18","8431499","#120/93201 RH, #120/93202 LH.. more","https://onlineautohandles.com/getresult?search=jcb","REVIEW"
"32614","DOOR LOCK JCB 3DX ONLY WITH KEYS ADD TO CART","","164 / PCS","18","","","https://onlineautohandles.com/getresult?search=jcb","REVIEW"
"33019","GEAR LEVER BOOT BIG JCB 3CX,4CX ADD TO CART","","567 / PCS","18","","#331/25683.. more","https://onlineautohandles.com/getresult?search=jcb","REVIEW"
"33020","GEAR LEVER BOOT SMALL JCB 3CX ,4CX ADD TO CART","","418 / PCS","18","","#331/25685.. more","https://onlineautohandles.com/getresult?search=jcb","REVIEW"
"33042","DOOR CHECK STRAP BLACK JCB ADD TO CART","","66 / PCS","18","","#290/00701.. more","https://onlineautohandles.com/getresult?search=jcb","REVIEW"
"33044","AIR CLEANER COVER OUTER MBENZ LP TRUCK ADD TO CART","","0 / PCS","18","","#0000941903.. more","https://onlineautohandles.com/getresult?search=jcb","REVIEW"
"33045","AIR CLEANER COVER INNER MBENZ LP TRUCK ADD TO CART","","0 / PCS","18","","","https://onlineautohandles.com/getresult?search=jcb","REVIEW"
"33067","LEVER WINDOW LOCK JCB ADD TO CART","","13 / PCS","18","","","https://onlineautohandles.com/getresult?search=jcb","REVIEW"
"33092","REAR WINODW PIVOT BLACK JCB,3D,3DX,4DX ADD TO CART","","61 / Pcs","18","","","https://onlineautohandles.com/getresult?search=jcb","REVIEW"
"33093","BRAKE RESERVOIR JCB 3D ADD TO CART","","0 / Pcs","18","","#121/34400.. more","https://onlineautohandles.com/getresult?search=jcb","REVIEW"
"33102LH","DOOR LATCH ASSY JCB. 3CX, 4CX N/M ADD TO CART","","769 / PCS","18","843139","#123/07383 LH, #123/07382 RH.. more","https://onlineautohandles.com/getresult?search=jcb","REVIEW"
"33102RH","DOOR LATCH ASSY JCB. 3CX, 4CX N/M ADD TO CART","","769 / PCS","18","84314990","#123/07383 LH, #123/07382 RH.. more","https://onlineautohandles.com/getresult?search=jcb","REVIEW"
"33115LH","DOOR LOCK ASSY FOR JCB 3CX 4CX ADD TO CART","","726 / PCS","18","843139","#826/11105 LH #826/11106 RH.. more","https://onlineautohandles.com/getresult?search=jcb","REVIEW"
"33121","DOOR STRICKER PLATE JCB 3DX ADD TO CART","","133 / PCS","18","83012000","#128/12669.. more","https://onlineautohandles.com/getresult?search=jcb","REVIEW"
"33502","TURRET LEVER PIVOT PIN JCB ADD TO CART","","13 / PCS","18","","#445/03023.. more","https://onlineautohandles.com/getresult?search=jcb","REVIEW"
"34031","CABIN SHOCKER JCB 3DX 2011 (BIG & SMALL) ADD TO CART","","706 / Set","18","84314990","","https://onlineautohandles.com/getresult?search=jcb","REVIEW"
"34032","CABIN SHOCKER JCB 3D 2008 ADD TO CART","","625 / Set","18","87089900","","https://onlineautohandles.com/getresult?search=jcb","REVIEW"
"34033","CABIN SHOCKER JCB,LH-RH OL-355MM,CL-270MM EJECT FORCE-450 N ADD TO CART","","532 / SET","18","84314990","","https://onlineautohandles.com/getresult?search=jcb","REVIEW"
"34034","CABIN SHOCKER JCB 3D BIG OL-452MM,CL-310MM EJECT FORCE-369 N ADD TO CART","","612 / Set","18","84314990","","https://onlineautohandles.com/getresult?search=jcb","REVIEW"
"34035","CABIN SHOCKER JCB 3DX SMALL TYPE SUITABLE FOR 2011 MODEL OL-390MM,CL-270MM EJECT FORCE-274 N ADD TO CART","","517 / SET","18","84314990","","https://onlineautohandles.com/getresult?search=jcb","REVIEW"
"34036","CABIN SHOCKER JCB 3DX 2011 MODEL BIG ADD TO CART","","350 / Pcs","18","84314990","","https://onlineautohandles.com/getresult?search=jcb","REVIEW"
"34075","CABIN SHOCKER BIG JCB ADD TO CART","","355 / PCS","18","84314990","","https://onlineautohandles.com/getresult?search=jcb","REVIEW"
"34076","CABIN SHOCKER SMALL JCB (2014) OL-393MM,CL-255MM EJECT FORCE-402 N ADD TO CART","","618 / SET","18","84314990","","https://onlineautohandles.com/getresult?search=jcb","REVIEW"
"34104","THROTTLE CABLE WITH S S WIRE JCB ADD TO CART","","839 / PCS","18","","","https://onlineautohandles.com/getresult?search=jcb","REVIEW"
"34111","OIL DIPSTICK JCB BACKHOE LOADER ADD TO CART","","0 / PCS","18","","#123/06297.. more","https://onlineautohandles.com/getresult?search=jcb","REVIEW"
"34112","JCB OIL DIPSTICK JCB BACKHOE LOADER ADD TO CART","","0 / PCS","18","","#320/04249.. more","https://onlineautohandles.com/getresult?search=jcb","REVIEW"
"34121","INNER WIRE ACCELERATOR CABLE JCB (138 INCHES) ADD TO CART","","68 / PCS","18","","","https://onlineautohandles.com/getresult?search=jcb","REVIEW"
"34122","INNER WIRE ACCELERATOR CABLE LENGTH-150 INCHES JCB OLD MODEL ADD TO CART","","68 / PCS","18","","","https://onlineautohandles.com/getresult?search=jcb","REVIEW"
"34464","SEAT SHOCKER JCB 217 MM(C TO C) ADD TO CART","","572 / PCS","18","84314990","","https://onlineautohandles.com/getresult?search=jcb","REVIEW"
"34465","BONNET SHOCK ABSORBER JCB OL-390MM,CL-279MM EJECT FORCE-653 N ADD TO CART","","418 / PCS","18","84314990","#333Y3078.. more","https://onlineautohandles.com/getresult?search=jcb","REVIEW"
"36063","OUTSIDE DOOR HANDLE WITH KEYS (LONG BOLT AND CIRCLIP TYPE FITTING JCB) ADD TO CART","","0 / PCS","18","","","https://onlineautohandles.com/getresult?search=jcb","REVIEW"
"36084","OUTSIDE DOOR HANDLE ROLLER TYPE JCB ADD TO CART","","546 / PCS","18","","#400/Z9107.. more","https://onlineautohandles.com/getresult?search=jcb","REVIEW"
"5976","PLASTIC HINGE TELEHANDLER JCB ADD TO CART","","110 / PCS","18","","","https://onlineautohandles.com/getresult?search=jcb","REVIEW"
"17147","FRONT GRILL JCB ADD TO CART","","2081 / PCS","18","","#458/20496,#332Y8581.. more","https://onlineautohandles.com/getresult?search=jcb","REVIEW"
"5977","DOOR RETAINER LATCH JCB TELEHANDLER ADD TO CART","","550 / PCS","18","","#332/F3483.. more","https://onlineautohandles.com/getresult?search=jcb","REVIEW"
"30273","EXTERIOR MIRROR JCB 15-22 MM DIA ROD ADD TO CART","","0 / PCS","18","","#331/63982.. more","https://onlineautohandles.com/getresult?search=jcb","REVIEW"
"5910RH","DOOR LOCK ASSY 3D O/M EARTHMOVERS ADD TO CART","","497 / PCS","18","84314990","#121/13400 LH, #121/13500 RH.. more","https://onlineautohandles.com/getresult?search=jcb","REVIEW"
"33115RH","DOOR LOCK ASSY FOR JCB 3CX 4CX ADD TO CART","","726 / PCS","18","843139","#826/11105 LH #826/11106 RH.. more","https://onlineautohandles.com/getresult?search=jcb","REVIEW"
"5978","SOLENOID COIL BLUE JCB 2CX, 3CX, 4CX, BACKHOE LOADER ADD TO CART","","0 / PCS","18","","#477/00824.. more","https://onlineautohandles.com/getresult?search=jcb","REVIEW"
"5979","THROTTLE CONTROL LEVER KNOB JCB BACKHOE LOADER ADD TO CART","","0 / PCS","18","","#122/38502.. more","https://onlineautohandles.com/getresult?search=jcb","REVIEW"
"5980","STOP CABLE HANDLE KNOB JCB BACKHOE LOADER ADD TO CART","","0 / PCS","18","","#910/24902.. more","https://onlineautohandles.com/getresult?search=jcb","REVIEW"
"5981","ROCKER SHAFT ASSY. JCB ADD TO CART","","0 / PCS","18","","#320/03931.. more","https://onlineautohandles.com/getresult?search=jcb","REVIEW"